<!DOCTYPE html><html><head><title>$ command line ruby cheat sheets</title><link charset="utf-8" href="/style.css" media="screen" rel="stylesheet" type="text/css" /></head><body><div class="main"><div class="header"><h1><a href="/">cheat sheets.</a></h1><code class="header">$ command line ruby cheat sheets</code></div></div><div class="content"><pre>New York Stock Exchange
-----------------------

A Agilent Technologies Inc.
AA Alcoa Inc. .
AAI AirTran Holdings Inc.
AAN AARON'S INC. .
AAN.A AARON'S INC. CLASS
AAP Advance Auto Parts
AAR AMR Corporation .
AAV ADVANTAGE ENERGY INCOME
AB Alliance Capital Management
ABA Alabama Power Company
ABB ABB Ltd .
ABC AmerisourceBergen Corporation (Holding
ABD Acco Brands Corporation
ABG Asbury Automotive Group
ABK Ambac Financial Group
ABK-Z Ambac Financial Group
ABM ABM Industries Incorporated
ABR Arbor Realty Trust
ABT Abbott Laboratories .
ABV Companhia de Bebidas
ABV.C Companhia de Bebidas
ABVT ABOVENET INC .
ABW-A Associated Banc-Corp .
ABX Barrick Gold Corporation
ACC American Campus Communities
ACE Ace . .
ACF AmeriCredit Corporation .
ACG Alliance Capital Management
ACH Aluminum Corporation of
ACI Arch Coal Inc.
ACL Alcon Inc .
ACM Aecom Technology Corporation
ACN Accenture Ltd. .
ACO Amcol International Corporation
ACS Affiliated Computer Services
ACV Alberto-Culver Company .
ADC Agree Realty Corporation
ADI Analog Devices Inc.
ADM Archer-Daniels-Midland Company .
ADM-A Archer-Daniels-Midland Company .
ADS Alliance Data Systems
ADX Adams Express Company
ADY AMERICAN DAIRY INC
AEA Advance America Cash
AEB Aegon NV .
AEC Associated Estates Realty
AEC-B Associated Estates Realty
AED Aegon NV .
AEE Ameren Corporation .
AEF Aegon NV .
AEG Aegon NV .
AEH Aegon NV .
AEL American Equity Investment
AEM Agnico-Eagle Mines .
AEO American Eagle Outfitters
AEP American Electric Power
AEP-A American Electric Power
AER Aercap Holdings N.V.
AES Aes Trust .
AES-C Aes Trust .
AET Aetna Inc. .
AEV Aegon NV .
AF Astoria Financial Corporation
AFB Alliance National Municipal
AFC Allied Capital Corporation
AFE American Financial Group
AFF American International Group
AFG American Financial Group
AFL AFLAC Incorporated .
AFN Alesco Financial Inc
AGC Advent Claymore Convertible
AGCO AGCO CP .
AGD Alpine Global Dynamic
AGL Angelica Corporation .
AGM Federal Agricultural Mortgage
AGM.A Federal Agric Mtg
AGN Allergan Inc. .
AGO Assured Guaranty Ltd
AGP AMERIGROUP Corporation .
AGU Agrium Inc. .
AHC A.H. Belo Corporation
AHD Atlas Pipeline Holdings
AHL Aspen Insurance Holdings
AHL-A Aspen Insurance Holdings
AHL.P Aspen Insurance Holdings
AHR Anthracite Capital Inc.
AHR-C Anthracite Capital Inc.
AHR-D Anthracite Capital Inc.
AHS AMN Healthcare Services
AHT Ashford Hospitality Trust
AHT-A Ashford Hospitality Trust
AHT-D Ashford Hospitality Trust
AI ARLINGTON ASSET INVT
AIB Allied Irish Banks
AIG American International Group
AIG-A American International Group
AIN Albany International Corporation
AIQ Alliance Imaging Inc.
AIR AAR Corp. .
AIT Applied Industrial Technologies
AIV Apartment Investment and
AIV-G Apartment Investment and
AIV-T Apartment Investment and
AIV-U Apartment Investment and
AIV-V Apartment Investment and
AIV-Y Apartment Investment and
AIZ Assurant Inc. .
AJG Arthur J. Gallagher
AKF Ambac Financial Group
AKO.A Embotelladora Andina S.A.
AKO.B Embotelladora Andina S.A.
AKP Alliance California Municipal
AKR Acadia Realty Trust
AKS AK Steel Holding
AKT Ambac Financial Group
ALB Albemarle Corporation .
ALC Assisted Living Concepts
ALD Allied Capital Corporation
ALE Allete Inc. .
ALEX ALEXANDER BALDWIN .
ALF Alabama Power Company
ALG Alamo Group Inc.
ALJ Alon USA Energy
ALK Alaska Air Group
ALL Allstate Corporation (The)
ALM Alabama Power Company
ALP-N Alabama Power Company
ALP-O Alabama Power Company
ALP-P Alabama Power Company
ALQ Alabama Power Company
ALU Alcatel . .
ALV Autoliv Inc. .
ALV-Z AUTOLIV INC .
ALX Alexander's Inc. .
ALY Allis-Chalmers Corporation .
ALZ Alabama Power Company
AM American Greetings Corporation
AMB AMB Property Corporation
AMB-L AMB Property Corporation
AMB-M AMB Property Corporation
AMB-O AMB Property Corporation
AMB-P AMB Property Corporation
AMD Advanced Micro Devices
AME AMTEK Inc. .
AMG Affiliated Managers Group
AMN Ameron International Corporation
AMP AMERIPRISE FINANCIAL SERVICES
AMP-A AMERIPRISE FINANCIAL .
AMR AMR Corporation .
AMT American Tower Corporation
AMX America Movil S.A.B.
AN AutoNation Inc. .
ANF Abercrombie &amp; Fitch
ANH Anworth Mortgage Asset
ANH-A Anworth Mortgage Asset
ANH-B Anworth Mortgage Asset
ANN AnnTaylor Stores Corporation
ANR Alpha Natural Resources
ANW Aegean Marine Petroleum
AO-A Amerco . .
AOB American Oriental Bioengineering
AOC Aon Corporation .
AOD Alpine Total Dynamic
AOI Alliance One International
AOL America Online Inc
AON AON CORP .
AOS Smith (a.o.) Corporation
AP Ampco-Pittsburgh Corporation .
APA Apache Corporation .
APB Asia Pacific Fund
APC Anadarko Petroleum Corporation
APD Air Products and
APF Morgan Stanley Asia-pacific
APH Amphenol Corporation .
APL Atlas Pipeline Partners
APU AmeriGas Partners L.P.
APX Blackrock APEX Municipal
ARA Aracruz Celulose S.A.
ARB Arbitron Inc. .
ARD Arena Resources Inc
ARE Alexandria Real Estate
ARE-C Alexandria Real Estate
ARG Airgas Inc. .
ARH-A Arch Capital Group
ARH-B Arch Capital Group
ARI Arden Realty, Inc.
ARJ Arch Chemicals Inc.
ARK Senior High Income
ARL American Realty Investors
ARM ArvinMeritor Inc. .
ARO Aeropostale Inc .
ARP American Reprographics Company
ART ARTIO GLOBAL INVESTORS
ARW Arrow Electronics Inc.
ASA ASA . .
ASF Administaff Inc. .
ASG Liberty All-star Growth
ASH Ashland Inc. .
ASI American Safety Insurance
ASP American Strategic Income
ASR Grupo Aeroportuario Del
ASX Advanced Semiconductor Engineering
ATE Advantest Corporation (Kabushiki
ATI Allegheny Technologies Incorporated
ATK Alliant Techsystems Inc.
ATO Atmos Energy Corporation
ATR AptarGroup Inc. .
ATT AT&amp;T Inc. .
ATU Actuant Corporation .
ATV Acorn International Inc.
ATW Atwood Oceanics Inc.
AU AngloGold Ashanti Ltd.
AUO AU Optronics Corp
AUY YAMANA GOLD INC
AV Avaya Inc. .
AVA Avista Corporation .
AVB AvalonBay Communities Inc.
AVD American Vanguard Corporation
AVF American International Group
AVK Advent Claymore Convertible
AVP Avon Products Inc.
AVT Avnet Inc. .
AVX AVX Corporation .
AVY Avery Dennison Corporation
AVY-A Avery Dennison Corporation
AWC Alumina Ltd .
AWF Alliance World Dollar
AWH Allied World Assurance
AWI Armstrong World Industries
AWK American Water Works
AWP Alpine Global Premier
AWR American States Water
AXA AXA . .
AXE Anixter International Inc.
AXL American Axle &amp;
AXP American Express Company
AXR AMREP Corporation .
AXS Axis Capital Holdings
AXS-A Axis Capital Holdings
AYE Allegheny Energy Inc.
AYI Acuity Brands Inc
AYN Alliance New York
AYR Aircastle . .
AZ Allianz SE .
AZM Allianz SE .
AZN Astrazeneca PLC .
AZO AutoZone Inc. .
AZZ AZZ Incorporated .
B Barnes Group Inc.
BA Boeing Company (The)
BAC Bank of America
BAC-B Bank of America
BAC-C Bank of America
BAC-D Bank of America
BAC-E Bank of America
BAC-H Bank of America
BAC-I Bank of America
BAC-J Bank of America
BAC-L Bank of America
BAC-S BANK OF AMERICA
BAC-U Bank of America
BAC-V Bank of America
BAC-W Bank of America
BAC-X Bank of America
BAC-Y Bank of America
BAC-Z Bank of America
BAF BLACKROCK FLORIDA IURED
BAK Copene-Petroquimica do Nordeste
BAM Brookfield Asset Management
BAP Credicorp Ltd. .
BAS Basic Energy Services
BAX Baxter International Inc.
BBD Banco Bradesco Sa
BBF BlackRock Florida Municipal
BBG Bill Barrett Corporation
BBI Blockbuster Inc. .
BBI.B Blockbuster Inc. .
BBK Blackrock Municipal Bond
BBL BHP Billiton plc
BBT BB&amp;T Corporation .
BBT-A BB&amp; T CAPITAL
BBT-B BB&amp; T CAPITAL
BBT-C - YAHOO! FINANCE
BBV Banco Bilbao Viscaya
BBVA BANCO BILBAO ARG
BBW Build-A-Bear Workshop Inc.
BBX BankAtlantic Bancorp Inc.
BBY Best Buy Co.
BC Brunswick Corporation .
BCA Corpbanca . .
BCE BCE Inc. .
BCF Blackrock Real Asset
BCH Banco De Chile
BCK Blackrock California Insured
BCO Brink's Company (The)
BCR C.R. Bard Inc.
BCS Barclays PLC .
BCS-A Barclays PLC .
BCS-C Barclays PLC .
BCS-D Barclays PLC .
BCS.P Barclays PLC .
BDC Belden CDT Inc
BDF Rivus Bond Fund
BDJ Blackrock Enhanced Dividend
BDK Black &amp; Decker
BDN Brandywine Realty Trust
BDN-C Brandywine Realty Trust
BDN-D Brandywine Realty Trust
BDT Blackrock Strategic Dividend
BDV Blackrock Dividend Achievers
BDX Becton Dickinson and
BEC Beckman Coulter Inc.
BEE Strategic Hotels &amp;
BEE-A SRATEGIC HOTELS &amp;
BEE-B Strategic Hotels &amp;
BEE-C Strategic Hotels &amp;
BEN Franklin Resources, Inc.
BEO Enhanced S&amp;P 
BEP S&amp;p  Covered
BEZ Baldor Electric Company
BF.A Brown-Forman Corporation .
BF.B Brown-Forman Corporation .
BFK BlackRock Municipal Income
BFO Blackrock Florida Municipal
BFR BBVA Banco Frances
BFS Saul Centers, Inc.
BFS-A Saul Ctrs Inc
BFS-B SAUL CENTERS INC
BFZ BlackRock California Municipal
BG Bunge . .
BGC General Cable Corporation
BGE-B Baltimore Gas &amp;
BGF B&amp;G Foods Holdings
BGG Briggs &amp; Stratton
BGH Buckeye GP Holdings
BGP Borders Group Inc.
BGR Black Rock Global
BGS B&amp;G Foods Holdings
BGT Blackrock Global .
BGY BLACKROCK INTERNATIONAL LTD.
BHD Blackrock Strategic Bond
BHE Benchmark Electronics Inc.
BHI Baker Hughes Incorporated
BHK Blackrock Core Bond
BHL Blackrock Defined Opportunity
BHP BHP Billiton .
BHS Brookfield Homes Corp
BHY Blackrock High Yield
BID Sotheby's Holdings, Inc.
BIE Blackrock Florida Municipal
BIF Uslife Income Fund,
BIG Big Lots Inc.
BIN BFI CDA LTD
BIO BIO RAD LABS
BIO.B BIO RAD LABS
BIP Brookfield Infrastructure Partners
BJ BJ's Wholesale Club
BJS BJ Services Company
BJZ Blackrock California Municipal
BK Bank of New
BK-E Bank of New
BK-F Bank of New
BKC Burger King Holdings
BKD Brookdale Senior Living
BKE Buckle Inc. (The)
BKH Black Hills Corporation
BKI Buckeye Technologies Inc.
BKK Blackrock Municipal 
BKN BlackRock Investment Quality
BKS Barnes &amp; Noble
BKT BlackRock Income Trust
BLC Belo Corporation .
BLH Blackrock New York
BLK BlackRock Inc. .
BLL Ball Corporation .
BLT Blount International Inc.
BLU Blue Chip Value
BLW Citigroup Inc. .
BLX Banco Latinoamericano de
BMA Banco Macro S.A.
BMC BMC Software Inc.
BME Blackrock Health Sciences
BMI Badger Meter Inc.
BML-G BANK AMERICA DEP
BML-H BANK AMERICA DEP
BML-I BANK AMERICA DEP
BML-J BANK AMERICA DEP
BML-L BANK AMERICA DEP
BML-N BANK AMERICA DEP
BML-O BANK AMERICA DEP
BML-Q BANK AMERICA DEP
BMO Bank Of Montreal
BMR Biomed Realty Trust
BMR-A Biomed Realty Trust
BMS Bemis Company Inc.
BMT BlackRock Insured Municipal
BMY Bristol-Myers Squibb Company
BMY.P Bmy:p . .
BNA BlackRock Income Opportunity
BNE Bowne &amp; Co.
BNI Burlington Northern Santa
BNJ BlackRock New Jersey
BNS Bank of Nova
BNY BlackRock New York
BOE Blackrock Global .
BOH Bank of Hawaii
BP BP p.l.c. .
BPI BRIDGEPOINT EDUCATIO .
BPK Blackrock Municipal 
BPL Buckeye Partners L.P.
BPO Brookfield Properties Corporation
BPP Blackrock Preferred Oopportunity
BPT BP Prudhoe Bay
BPZ BPZ RESOURCES INC
BQH Blackrock New York
BQR BlackRock Ecosolutions Investment
BR Broadridge Financial Solutions
BRC Brady Corporation .
BRE BRE Properties Inc.
BRE-C BRE Properties Inc.
BRE-D BRE Properties Inc.
BRFS BRF BRASIL FOODS
BRK.A Berkshire Hathaway Inc.
BRK.B Berkshire Hathaway Inc.
BRO Brown &amp; Brown
BRP Brasil Telecom Participacoes
BRS Bristow Group Inc
BRT BRT Realty Trust
BRY Berry Petroleum Company
BSBR BANCO SANTANDER BRASIL
BSC-X Bear Stearns Companies
BSD BlackRock Strategic Municipal
BSE Blackrock New York
BSI Blue Square -
BSP American Strategic Income
BSX Boston Scientific Corporation
BSY British Sky Broadcasting
BT BT Group plc
BTA BlackRock Long-Term Municipal
BTE Baytex Energy Trust
BTF Boulder Total Return
BTH Blyth Inc. .
BTM Brasil Telecom Participacoes
BTM.C BRASIL TELECOM NEW-
BTO John Hancock Bank
BTU Peabody Energy Corporation
BTZ Blackrock Preferred .
BUD Anheuser-Busch Companies Inc.
BVF Biovail Corporation .
BVN Compania Mina Buenaventura
BW Brush Engineered Materials
BWA BorgWarner Inc. .
BWF WELLS FARGO CAPITAL
BWP Boardwalk Pipeline Partners
BWS Brown Shoe Company
BWY Bway Holding Company
BX THE BLACKSTONE GROUP
BXC Bluelinx Holdings Inc.
BXG Bluegreen Corporation .
BXP Boston Properties Inc.
BXS BancorpSouth Inc. .
BXS-A BancorpSouth Inc. .
BYD Boyd Gaming Corporation
BYI Bally Technologies Inc.
BYM Blackrock Insured Municipal
BZ Boise Inc .
BZ.W Boise Inc .
BZA Blackrock California Municipal
BZH Beazer Homes USA
C Citigroup Inc. .
C-E Citigroup Inc. .
C-F Citigroup Inc. .
C-G Citigroup Inc. .
C-H Citigroup Inc .
C-I Citigroup Inc. .
C-M Citigroup Inc. .
C-O Citigroup Inc. .
C-P Citigroup Inc. .
C-Q Citigroup Inc. .
C-R Citigroup Inc. .
C-S Citigroup Inc. .
C-U Citigroup Inc. .
C-V Citigroup Inc. .
C-W Citigroup Inc. .
C-Z Citigroup Inc. .
CAB Cabela's Inc .
CACI C A C
CAE Cascade Corporation .
CAF Morgan Stanley China
CAG ConAgra Foods Inc.
CAH Cardinal Health Inc.
CAJ Canon Inc. .
CAL Continental Airlines Inc.
CAM Cameron International Corporation
CAP Cai International Inc.
CAR Avis Budget Group
CAS Castle (A.M.) &amp;
CASC CA INC .
CAT Caterpillar Inc. .
CATO CATO CORP CL
CB Chubb Corporation (The)
CBB Cincinnati Bell Inc
CBB-B Cincinnati Bell Inc
CBC Capitol Bancorp Ltd.
CBC-A Capitol Bancorp Ltd.
CBC-B Capitol Bancorp Ltd.
CBD Companhia Brasileira de
CBE Cooper Industries Ltd.
CBG CB Richard Ellis
CBI Chicago Bridge &amp;
CBK Christopher &amp; Banks
CBL CBL &amp; Associates
CBL-C CBL &amp; Associates
CBL-D CBL &amp; Associates
CBM Cambrex Corporation .
CBR Ciber Inc. .
CBS CBS Corporation .
CBS.A CBS Corporation .
CBT Cabot Corporation .
CBU Community Bank System
CBY Cadbury PLC .
CBZ CBIZ Inc. .
CCC Calgon Carbon Corporation
CCE Coca-Cola Enterprises Inc.
CCH COCA COLA HELLENIC
CCI Crown Castle International
CCJ Cameco Corporation .
CCK Crown Cork &amp;
CCL Carnival Corporation .
CCM Carlton Comm P
CCO Clear Channel Outdoor
CCS Comcast Corporation .
CCT Comcast Corporation .
CCU Clear Channel Communications,
CCW Comcast Corporation .
CCZ Comcast Holdings Inc
CDE Coeur d'Alene Mines
CDI CDI Corporation .
CDR Cedar Shopping Centers
CDR-A Cedar Shopping Centers
CE Celanese Corporation .
CE.P Celanese Corporation .
CEA China Eastern Airlines
CEC CEC Entertainment Inc.
CEE Central Europe and
CEG Constellation Energy Group
CEG-A Constellation Energy Group
CEL Cellcom Israel Ltd.
CEO CNOOC . .
CF CF Industries Holdings
CFC-A Countrywide Financial Corporation
CFC-B Countrywide Financial Corporation
CFI Culp Inc. .
CFL BRINKS HOME SECURITY
CFN Lehman ABS Corporation
CFR Cullen/Frost Bankers Inc.
CFX Colfax Corporation .
CGA Corus Group Plc
CGI Commerce Group, Inc.
CGO Calamos Global Total
CGV Compagnie Generale de
CGX Consolidated Graphics Inc.
CHA China Telecom Corp
CHB Champion Enterprises Inc.
CHD Church &amp; Dwight
CHE Chemed Corp. .
CHG CH Energy Group
CHH Choice Hotels International
CHI Calamos Convertible Opportunities
CHK Chesapeake Energy Corporation
CHK-D Chesapeake Energy Corporation
CHL China Mobile (Hong
CHN China Fund Inc.
CHP C&amp;D Technologies Inc.
CHS Chico's FAS Inc.
CHT Chunghwa Telecom Co
CHU China Unicom Ltd
CHW Calamos Global Dynamic
CHY Calamos Convertible and
CI CIGNA Corporation .
CIA Citizens Inc. .
CIB BanColombia S.A. .
CIE COBALT INTERNATIONAL ENERGY
CIF Colonial Intermediate High
CIG Comp En De
CIG.C Comp En De
CII Blackrock Capital and
CIM Chimera Investment Corporation
CIR CIRCOR International Inc.
CIT CIT Group Inc
CIT-A CIT Group Inc
CIT-C CIT Group Inc
CIT-Z CIT Group Inc
CIX CompX International Inc.
CJA VALE CAPITAL LIMITED
CJB VALE CAPITAL LIMITED
CJR Corus Entertainmt Incorporated
CJS VALE CAPITAL II
CJT VALE CAPITAL II
CKH Seacor Smit Inc.
CKP Checkpoint Systms Inc.
CKR CKE Restaurants Inc.
CL Colgate-Palmolive Company .
CLB Core Laboratories N.V.
CLC CLARCOR Inc. .
CLD San Diego County
CLF Cleveland-Cliffs Inc. .
CLH Corporate Backed Tr
CLI Mack-cali Realty Corporation
CLNY COLONY FINANCIAL INC
CLP Colonial Properties Trust
CLP-D Colonial Properties Trust
CLR Continental Resources Inc.
CLS Celestica Inc. .
CLW CLEARWATER PAPER CP
CLX Clorox Company (The)
CM Canadian Imperial Bank
CMA Comerica Incorporated .
CMC Commercial Metals Company
CMG Chipotle Mexican Grill
CMG.B Chipotle Mexican Grill
CMI Cummins Inc. .
CMK Colonial Intermarket Income
CML COMPELLENT TECH INC
CMM CRIIMI MAE Inc.
CMN Cantel Medical Corp.
CMO Capstead Mortgage Corporation
CMO-A Capstead Mortgage Corporation
CMO-B Capstead Mortgage Corporation
CMP Compass Minerals Intl
CMS CMS Energy Corporation
CMS-A CMS Energy Corporation
CMS-B CMS Energy Corporation
CMU Colonial Municipal Income
CMZ Compton Petroleum Corp
CNA CNA Financial Corporation
CNC Centene Corporation .
CNH CNH Global N.V.
CNI Canadian National Railway
CNK Cinemark Holdings Inc
CNL Cleco Power LLC
CNO Conseco Inc. .
CNP CenterPoint Energy Inc
CNQ Canadian Natural Resources
CNS Cohn &amp; Steers
CNW CNF Inc. .
CNX COOL Energy Inc.
CO - YAHOO! FINANCE
COF Capital One Financial
COF-B Capital One Financial
COF.W CAPITAL ONE FINANCIAL
COG Cabot Oil &amp;
COH Coach Inc. .
COL Rockwell Collins, Inc.
COO Cooper Companies Inc.
COP ConocoPhillips . .
COT Cott Corporation .
COV Covidien Ltd. .
COY Blackrock Corporate High
CP Canadian Pacific Railway
CPA Copa Holdings S.A.
CPB Campbell Soup Company
CPC Central Parking Corporation
CPE Callon Petroleum Company
CPF CPB Inc. .
CPK Chesapeake Utilities Corporation
CPL CPFL Energia S.A.
CPN Calpine Corporation .
CPO Corn Products International
CPP Merrill Lynch Depositor,
CPT Camden Property Trust
CPV CBS Corporation .
CPX Complete Production Services
CPY CPI Corporation .
CQB Chiquita Brands International
CR Crane Company .
CRD.A Crawford &amp; Company
CRD.B Crawford &amp; Company
CRE Care Investment Trust
CRH CRH PLC .
CRI Carter's Inc. .
CRK Comstock Resources Inc.
CRL Charles River Laboratories
CRM Salesforce.com Inc .
CRN Cornell Corrections Inc.
CRP Credit Suisse Guernsey
CRR Carbo Ceramics Inc.
CRS Carpenter Technology Corporation
CRT Cross Timbers Royalty
CRY CryoLife Inc. .
CS Credit Suisse Group
CSA Cogdell Spencer Inc.
CSC Computer Sciences Corporation
CSE CapitalSource Inc .
CSH Cash America International
CSL Carlisle Companies Incorporated
CSP American Strategic Income
CSQ Calamos Strategic Total
CSR China Security &amp;
CSS CSS Industries Inc.
CSU Capital Senior Living
CSV Carriage Services Inc.
CSX CSX Corporation .
CT Capital Trust Inc.
CTB Cooper Tire &amp;
CTL CenturyTel Inc. .
CTS CTS Corporation .
CTV CommScope Inc. .
CTZ-A Citizens Republic Bancorp
CUB CUBIC CP .
CUK Carnival Plc ADS
CUZ Cousins Properties Incorporated
CUZ-A Cousins Properties Incorporated
CUZ-B Cousins Properties Incorporated
CV Central Vermont Pub
CVA Danielson Holding Corporation
CVB Lehman Abs Corporation
CVC Cablevision Systems Corporation
CVD Covance Inc. .
CVE Cleveland Electric Illumi
CVE.P CLEVELAND ELECTRIC ILLUM
CVG Convergys Corporation .
CVH Coventry Health Care
CVI CVR Energy Inc.
CVO Cenveo Inc .
CVS CVS Corporation .
CVX ChevronTexaco Corporation .
CW Curtiss-Wright Corporation .
CWF Chartwell Dividend and
CWT California Water Service
CWZ Lehman Abs Corporation
CX Cemex S.A.B. de
CXE Colonial High Income
CXG CNX Gas Corporation
CXH Colonial Investment Grade
CXO Concho Resources Inc.
CXS CREXUS INVESTMENT CORP
CXW Corrections Corporation of
CY Cypress Semiconductor Corporation
CYD China Yuchai International
CYE Blackrock Corporate High
CYH Community Health Systems
CYN City National Corporation
CYS CYPRESS SHARPRIDGE .
CYT Cytec Industries Inc.
CZZ Cosan . .
D Dominion Resources Inc.
DAC Danaos Corporation .
DAI Daimler AG .
DAL Delta Air Lines
DAN Dana Holding Corporation
DAR Darling International Inc.
DB Deutsche Bank AG
DBD Diebold Incorporated .
DCA Dividend Capital Realty
DCE Deutsche Bk Cap
DCI Donaldson Company Inc.
DCM Ntt Docomo Inc
DCO Ducommun Incorporated .
DCP Dyncorp International Inc.
DCS Dreman/Claymore Dividend &amp;
DCT DCT Industrial Trust
DCW Dividend Capital Global
DD E.I. du Pont
DD-A E.I. du Pont
DD-B E.I. du Pont
DDE Dover Downs Gaming
DDF Delaware Investments Dividend
DDR Developers Diversified Realty
DDR-G Developers Diversified Realty
DDR-H Developers Diversified Realty
DDR-I Developers Diversified Realty
DDS Dillard's Inc. .
DDT Dillard's Inc. .
DE Deere &amp; Company
DEG Etablissements Delhaize Freres
DEI Douglas Emmett Inc.
DEL Deltic Timber Corporation
DEO Diageo plc .
DEP Duncan Energy Partners
DEX Delaware Enhanced Global
DF Dean Foods Company
DFG Delphi Financial Group
DFP Delphi Financial Group
DFS Discover Financial Services
DFT Dupont Fabros Technology
DFY Delphi Financial Group
DG Dollar General Corporation
DGF Delaware Investments Global
DGI DIGITALGLOBE INC .
DGW DUOYUAN GLOBAL WATER
DGX Quest Diagnostics Incorporated
DHF Dreyfus High Yield
DHG DWS Dreman Value
DHI D.R. Horton Inc.
DHM Structured Obligations Corp
DHR Danaher Corporation .
DHT DHT Maritime Inc.
DHX Dice Holdings Inc.
DIN DineEquity Inc .
DIS Walt Disney Company
DK Delek US Holdings
DKC Ms Structured Asset
DKF Ms Structured Asset
DKI Ms Structured Asset
DKK Lehman Abs Corporation
DKL Lehman Abs Corporation
DKM Ms Structured Asset
DKP Ms Structured Asset
DKQ Ms Structured Asset
DKR Ms Structured Asset
DKS Dick's Sporting Goods
DKT Deutsch Bk Contingent
DKW Ms Structured Asset
DKX Ms Structured Asset
DKY Ms Structured Asset
DL Dial Corporation .
DLB Dolby Laboratories .
DLM Del Monte Foods
DLR Digital Realty Trust
DLR-A Digital Realty Trust
DLR-B Digital Realty Trust
DLX Deluxe Corporation .
DM Dolan Media Company
DNB Dun &amp; Bradstreet
DNP Duff &amp; Phelps
DNR Denbury Resources Inc.
DNY R.R. Donnelley &amp;
DO Diamond Offshore Drilling
DOLE DOLE FOOD COMPANY-
DOM Dominion Resources Black
DOV Dover Corporation .
DOW Dow Chemical Company
DOX Amdocs . .
DPD Dow  Premium
DPL DPL Inc. .
DPM DCP Midstream Partners
DPO Dow  Premium
DPS Dr Pepper Snapple
DPZ Domino's Pizza Inc
DRC Dresser-Rand Group Inc.
DRE Duke Realty Corporation
DRE-J Duke Realty Corporation
DRE-K Duke Realty Corporation
DRE-L Duke Realty Corporation
DRE-M Duke Realty Corporation
DRE-N Duke Realty Corporation
DRE-O Duke Realty Corporation
DRH Diamondrock Hospitality Company
DRI Darden Restaurants Inc.
DRL Doral Financial Corporation
DRP DWS Rreef World
DRQ Dril-Quip Inc. .
DRU DOMINION RESOURCES .
DSM Dreyfus Strategic Municipal
DST DST Systems Inc.
DSU Blackrock Debt Strategies
DSW DSW Inc. .
DSX Diana Shipping inc.
DT Deutsche Telekom AG
DTE DTE Energy Company
DTE-A DTE Energy Company
DTE-C DTE Energy Company
DTF Duff &amp; Phelps
DTG Dollar Thrifty Automotive
DTK Deutsche Bank AG
DTT Deutsche Bank Cap
DUA Deutsche Bank Cap
DUC Duff &amp; Phelps
DUF Duff &amp; Phelps
DUK Duke Energy Corporation
DV DeVry Inc. .
DVA DaVita Inc. .
DVD Dover Downs Entertainment
DVF Blackrock Diversified Income
DVM Cohen &amp; Steers
DVN Devon Energy Corporation
DVR Cal Dive International
DW Drew Industries Incorporated
DX Dynex Capital Inc.
DX-D Dynex Capital Inc.
DXB Deutsche Bank AG
DY Dycom Industries Inc.
DYN Dynegy Inc. .
DYP - YAHOO! FINANCE
E ENI S.p.A. .
EAC Encore Acquisition Company
EAT Brinker International Inc.
EBF Ennis Inc. .
EBI Evergreen International Balanced
EBR CENTRAIS ELETRICAS BRASILEIRAS
EBR.B CENTRAIS ELETRICAS BRASILEIRAS
EBS Emergent Biosolutions Inc.
EC Engelhard Corporation .
ECA Encana Corporation .
ECL Ecolab Inc. .
ED Consolidated Edison Inc.
ED-A Consolidated Edison Inc.
ED-C Consolidated Edison Inc.
EDD MORGAN STANLEY EMERGING
EDE Empire District Electric
EDE-D Empire District Electric
EDN Empresa Nacional de
EDR Education Realty Trust
EDT ENTERGY TEXAS INC
EDU New Oriental Education
EE El Paso Electric
EEA European Equity Fund,
EEP Enbridge Energy Partnership
EEQ Enbridge Energy Management
EFR Eaton Vance Senior
EFT Eaton Vance Floating
EFX Equifax Inc. .
EGF Blackrock Enhanced Government
EGN Energen Corporation .
EGO ELDORADO GOLD CORP
EGP EastGroup Properties Inc.
EGY Vaalco Energy Inc
EHA Entergy Arkansas Inc.
EHB Entergy Arkansas Inc.
EHI Western Asset Global
EHL Entergy Louisiana Inc.
EIG Employers Holdings Inc
EIX Edison International .
EJ E-House (China) Holdings
EK Eastman Kodak Company
EL Estee Lauder Companies
ELN Elan Corporation plc
ELP Companhia Paranaense de
ELS Equity Lifestyle Properties
ELX Emulex Corporation .
ELY Callaway Golf Company
EM EMDEON INC. .
EMC EMC Corporation .
EMD Western Asset Emerging
EME EMCOR Group Inc.
EMF Templeton Emerging Markets
EMN Eastman Chemical Company
EMO Entergy Mississippi Inc.
EMQ Entergy Mississippi Inc.
EMR Emerson Electric Company
EMS Emergency Medical Services
ENB Enbridge Inc .
ENH Endurance Specialty Holdings
ENH-A Endurance Specialty Holdings
ENI Enersis S A
ENL Reed Elsevier Nv
ENP Encore Energy Partners
ENR Energizer Holdings Inc.
ENS Enersys . .
ENT Enterra Energy Trust
ENZ Enzo Biochem Inc.
EOC Empresa Nacional de
EOD EVERGREEN GLOBAL DIVIDEND
EOE Eaton Vance Credit
EOG EOG Resources Inc.
EOI Eaton Vance Enhance
EOS Eaton Vance Enhanced
EOT EATON VANCE NAT
EP El Paso Corporation
EP-C El Paso Corporation
EPB El Paso Pipeline
EPD Enterprise Products Partners
EPE Enterprise GP Holdings
EPL Energy Partners Ltd.
EPR Entertainment Properties Trust
EPR-B Entertainment Properties Trust
EPR-C Entertainment Properties Trust
EPR-D Entertainment Properties Trust
EPR-E Entertainment Properties Trust
EQR Equity Residential .
EQR-E Equity Residential .
EQR-H Equity Residential .
EQR-N Equity Residential .
EQS Equus Total Return
EQT Equitable Resources Inc.
EQY Equity One Inc.
ERF Enerplus Resources Fund
ERJ Embraer-Empresa Brasileira de
ES EnergySolutions Inc .
ESC EMERITUS CP .
ESD Western Asset Emerging
ESE ESCO Technologies Inc.
ESI Itt Educational Services,
ESL Esterline Technologies Corporation
ESS Essex Property Trust
ESV ECO International Incorporated
ETB Eaton Vance Tax-Managed
ETE ENERGY TRAFER PARTNERS
ETG Eaton Vance Tax-Advantaged
ETH Ethan Allen Interiors
ETJ Eaton Vance Risk-Managed
ETM Entercom Communications Corporation
ETN Eaton Corporation .
ETO Eaton Vance Tax-Advantage
ETP ENERGY TRAFER PARTNERS
ETR Entergy Corporation .
ETV Eaton Vance Corporation
ETW Eaton Vance Corporation
ETY Eaton Vance Tax-Managed
EV Eaton Vance Corporation
EVC Entravision Communications Corporation
EVF Eaton Vance Senior
EVG Eaton Vance Short
EVN Eaton Vance Municipal
EVR Evercore Partners Inc
EVT Eaton Vance Tax
EW Edwards Lifesciences Corporation
EXC Exelon Corporation .
EXG Eaton Vance Tax-Managed
EXH EXTERRAN HOLDINGS INC.
EXM Excel Maritime Carriers,
EXP Eagle Materials Inc
EXR Extra Space Storage
F Ford Motor Credit
F-A Ford Mtr Co
F-S Ford Mtr Co
FAC Liberte Investors Inc.
FAF First American Corporation
FAM First Trust/aberdeen Global
FAV FIRST TRUST ACTIVE
FBC Flagstar Bancorp, Inc.
FBF-M Fleet Cap Tr
FBF-N Fleet Cap Tr
FBN Furniture Brands International,
FBP First Bancorp. .
FBP-A First Bancorp P
FBP-B First Bancorp P
FBP-C First Bancorp P
FBP-D First Bancorp P
FBP-E First Bancorp P
FBR Friedman, Billings, Ramsey
FBS-A First Pfd Cap
FC Franklin Covey Company
FCE.A Forest City Enterprises
FCE.B Forest City Enterprises
FCF First Commonwealth Financial
FCH Felcor Lodging Trust
FCH-A Felcor Lodging Tr
FCH-C Felcor Lodging Tr
FCJ Ford Motor Credit
FCN Fti Consulting, Inc.
FCS Fairchild Semiconductor International,
FCT First Trust Four
FCX Freeport-mcmoran Copper &amp;
FCX-M FREEPORT-MCMORAN COPPER &amp;
FCY Forest City Enterprises
FCZ Ford Motor Credit
FDI Fort Dearborn Income
FDO Family Dollar Stores,
FDP Fresh Del Monte
FDS Factset Research Systems
FDX Fedex Corporation .
FE Firstenergy Corporation .
FEO First Trust/aberdeen Emerging
FF First Financial Fund,
FFA First Trust/fiduciary .
FFC Flaherty &amp; Crumrine/claymore
FFD MORGAN STANLEY FRONTIER
FFG Fbl Financial Group,
FFH Fairfax Financial Holdings
FGB FIRST TRUST/GALLITIN SPECIALTY
FGC Fpl Group Capital
FGE FPL GROUP CAPITAL
FGF Sunamerica, Inc. .
FGI Sunamerica, Inc. .
FGP Ferrellgas Partners, L.p.
FHI First Trust .
FHN First Tennessee National
FHO FIRST TRUST STRATEGIC
FHY First Trust Strategic
FICO FAIR ISAAC INC
FIF Financial Federal Corporation
FIG Fortress Investment Group
FII Federated Investors, Inc.
FIS Fidelity National Information
FIX Comfort Systems USA
FJA MERRILL LYNCH DEPOSITOR
FL Footlocker Inc .
FLC Flaherty &amp; Crumrine/claymore
FLO Flowers Foods, Inc.
FLR Fluor Corporation .
FLS Flowserve Corporation .
FLY Babcock &amp; Brown
FMC Fmc Corporation .
FMD First Marblehead Corporation
FMN Federated Premier Municipal
FMO Fiduciary/claymore Mlp Opportunity
FMR First Mercury Financial
FMS Fresenius Medical Care
FMS.P FRESENIUS MEDICAL CARE
FMX Fomento Economico Mexicano
FMY First Trust .
FNA FANNIE MAE .
FNB F.n.b. Corporation .
FNF Fidelity National Financial,
FNM Federal National Mortgage
FNM-F Federal Natl Mtg
FNM-G Federal Natl Mtg
FNM-H Federal Natl Mtg
FNM-I Federal Natl Mtg
FNM-L Federal Natl Mtg
FNM-M Federal Natl Mtg
FNM-N Federal Natl Mtg
FNM-P FEDERAL NATL MTG
FNM-Q FANNIE MAE .
FNM-R FANNIE MAE .
FNM-S FANNIE MAE .%
FNM-T FANNIE MAE .%
FO Fortune Brands, Inc.
FO-A Fortune Brands Inc
FOE Ferro Corporation .
FOF Cohen &amp; Steers
FOR FORESTAR REAL ESTATE
FPC-A Fpc Cap I
FPL Fpl Group, Inc.
FPL-C Fpl Group Cap
FPL-F FPL . SER
FPO First Potomac Realty
FPT Federated Premier Intermediate
FR First Industrial Realty
FR-J First Industrial Realty
FR-K First Industrial Realty
FRA Blackrock Floating Rate
FRB Blackrock Floating Rate
FRE Federal Home Loan
FRE-B Federal Home Ln
FRE-F Federal Home Ln
FRE-G Federal Home Ln
FRE-H Federal Home Ln
FRE-K Federal Home Ln
FRE-L Federal Home Ln
FRE-M Federal Home Ln
FRE-N Federal Home Ln
FRE-O Federal Home Ln
FRE-P Federal Home Ln
FRE-Q Federal Home Ln
FRE-R Federal Home Ln
FRE-S Federal Home Ln
FRE-T Federal Home Ln
FRE-U Federal Home Ln
FRE-V Federal Home Ln
FRE-W FREDDIE MAC .
FRE-X FREDDIE MAC .%
FRE-Y FREDDIE MAC .
FRE-Z FREDDIE MAC $.
FRM FRIEDMA INC .
FRO Frontline Ltd. .
FRP Fairpoint Communications, Inc.
FRT Federal Realty Investment
FRX Forest Laboratories, Inc.
FRZ Reddy Ice Holdings,
FSC FIFTH STREET FINANCE
FSR FLAGSTONE REIURANCE HOLDINGS
FSS Federal Signal Corporation
FST Forest Oil Corporation
FT Franklin Universal Trust
FTB-A FIFTH THIRD CAPITAL
FTB-B FIFTH THIRD CAPITAL
FTB-C FIFTH THIRD CAPITAL
FTE France Telecom S.a.
FTI Fmc Technologies, Inc.
FTK FLOTEK INDS INC
FTO Frontier Oil Corporation
FTR FRONTIER COMM CORP
FUL H. B. Fuller
FUN Cedar Fair L.P.
FUR First Union Real
FWF WELLS FARGO CAPITAL
G Gillette Company (The)
GA GIANT INTERACTIVE GROUP
GAB Gabelli Equity Trust,
GAB-D Gabelli Equity Tr
GAB-F Gabelli Equity Tr
GAH Georgia Power Company
GAJ Great Atlantic &amp;
GAM General American Investors,
GAM-B General Amern Invs
GAP Great Atlantic &amp;
GAR GEORGIA POWER CO.
GAS Nicor Inc. .
GAT GEORGIA POWER COMPANY
GB Wilson Greatbatch Technologies,
GBE Grubb . .
GBL Gabelli Asset Management
GBX Greenbrier Companies, Inc.
GCA Global Cash Access
GCF Global Income &amp;
GCH Greater China Fund,
GCI Gannett Co., Inc.
GCO Genesco Inc. .
GCS Scudder Global Commodities
GCV Gabelli Convertible And
GCV-B Gabelli Conv &amp;
GD General Dynamics Corporation
GDF Western Asset Global
GDI Gardner Denver, Inc.
GDL The Gabelli Global
GDL-A T . .
GDO - YAHOO! FINANCE
GDP Goodrich Petroleum Corporation
GDV Gabelli Dividend .
GDV-A Gabelli Divd &amp;
GDV-D Gabelli Divd &amp;
GE General Electric Company
GE-A GENERAL ELECTRIC CAPITAL
GEA General Electric Capital
GEC General Electric Capital
GED General Electric Capital
GEF Greif Bros. Corporation
GEF.B Greif Inc .
GEG Global Power Equipment
GEJ GENERAL ELECTRIC CAPITAL
GEO Geo Group Inc
GEP General Electric Capital
GER General Electric Capital
GES Guess?, Inc. .
GET Gaylord Entertainment Company
GF New Germany Fund,
GFA GAFISA S.A .
GFF Griffon Corporation .
GFI Gold Fields Ltd.
GFW AAG Holding Company
GFY Western Asset Variable
GFZ AAG Holding Company
GG Goldcorp Incorporated .
GG.W GOLDCORP INC. SERIES
GGB Gerdau S.a. .
GGC Georgia Gulf Corporation
GGG Graco Inc. .
GGT Gabelli Global Multi-media
GGT-B Gabelli Global Multimedia
GHI Global High Income
GHL Greenhill . .
GIB CGI Group Inc.
GIL Gildan Activewear, Inc.
GIM Templeton Global Income
GIS General Mills, Inc.
GJB Strats Tr For
GJD Strats Tr For
GJE Strats Tr For
GJF Strats Tr For
GJG Strats Tr For
GJH Strats Tr For
GJI Strats Tr For
GJJ Strats Tr For
GJK Strats Tr For
GJL Strats Tr For
GJM Gmac Llc .
GJN Floating Rate Structured
GJO Synthetic Fixed-income Securities,
GJP Synthetic Fixed-income Securities,
GJR Synthetic Fixed-income Securities,
GJS Goldman Sachs Group
GJT Synthetic Fixed-income Securities,
GJV Synthetic Fixed-income Securities
GJW SYNTHETIC FIXED INCOME
GJX SYNTHETIC FIXED INCOME
GKK Gramercy Capital Corp
GKK-A GRAMERCY CAPITAL CORP
GKM Gmac Llc .
GLF GULFMARK OFFSHORE INC
GLG Glamis Gold Ltd.
GLG.U GLG PARTNERS UTS
GLG.W GLG PARTNERS WTS
GLP Global Partners Lp
GLS Genesis Lease .
GLT Glatfelter . .
GLW Corning Incorporated .
GMA Gmac Llc .
GME Gamestop Corporation .
GMK Gruma, S.a. De
GMR General Maritime Corporation
GMT Gatx Corporation .
GMT.P GATX CORP PREF
GMXR GMX RESOURCES INC.
GMXR.P GMX RESOURCES INC
GNA Gerdau Ameristeel .
GNI Great Northern Iron
GNK GENCO SHIPPING &amp;
GNV GSC INVESTMENT CORP
GNW Genworth Financial Inc
GOF Claymore/Guggenheim Strategic .
GOL Gol Linhas Aereas
GOM Gmac Llc .
GOV GOVERNMENT PROPERTIE .
GPC Genuine Parts Company
GPD Georgia Power Company
GPE-A Georgia Pwr Co
GPE-X Georgia Pwr Cap
GPI Group  Automotive,
GPJ Georgia Power Company
GPK Graphic Packaging International
GPN Global Payments Inc.
GPS Gap, Inc. (the)
GPU Georgia Power Company
GPW Georgia Power Company
GPX Gp Strategies Corporation
GR Goodrich Corporation (the)
GRA W.r. Grace &amp;
GRB Gerber Scientific, Inc.
GRO Agria Corporation .
GRR Asia Tigers Fund
GRS GAMMON GOLD INC
GRT Glimcher Realty Trust
GRT-F Glimcher Rlty Tr
GRT-G Glimcher Rlty Tr
GRX THE GABELLI HEALTHCARE
GS Goldman Sachs Group,
GS-A Goldman Sachs Group
GS-B Goldman Sachs Group
GS-C Goldman Sachs Group
GS-D Goldman Sachs Group
GSH Guangshen Railway Company
GSI GENERAL STEEL HLDGS
GSK Glaxosmithkline Plc .
GSL Global Signal Inc
GSL.U GLOBAL SHIP LEASE
GSL.W GLOBAL SHIP LEASE
GT Goodyear Tire &amp;
GTI Graftech International Ltd
GTN Gray Television, Inc.
GTN.A Gray Television Inc
GTS TRIPLE-S MANAGEMENT CORPORATIO
GTY Getty Realty Corporation
GU GUSHMAN ENVIRONMENTAL ENERGY
GUI Gulf Power Company
GUL Gulf Power Company
GUQ Gulf Power Company
GUT Gabelli Utility Trust
GUT-A Gabelli Util Tr
GVA Granite Construction Incorporated
GWF Wells Fargo &amp;
GWR Genesee &amp; Wyoming,
GWW W.w. Grainger, Inc.
GXP Great Plains Energy
GXP-A Great Plains Energy
GXP-D Great Plains Energy
GXP-E Great Plains Energy
GXP-F GREAT PLAINS ENERGY
GY Gencorp Inc. .
GYA Corporate Asset Backed
GYB CABCO Series -
GYC Corporate Asset Backed
H Realogy Corp .
HAE Haemonetics Corporation .
HAL Halliburton Company .
HAR Harman International Industries,
HAS Hasbro, Inc. .
HAV HELIOS ADVANTAGE INCOME
HBA-D Hsbc Usa Inc
HBA-F Hsbc Usa Inc
HBA-G Hsbc Usa Inc
HBA-H Hsbc Usa Inc
HBA-Z Hsbc Usa Inc
HBC Hsbc Holdings, Plc.
HBC-A Hsbc Hldgs Plc
HBC.P HARRIS PREFERRED CAP
HBI Hanesbrands Inc. .
HCC Hcc Insurance Holdings,
HCF Highland Credit Stategies
HCH Merrill Lynch Canada
HCN Health Care Reit,
HCN-D Health Care Reit
HCN-F Health Care Reit
HCN-G Health Care Reit
HCP Health Care Property
HCP-E Health Care Ppty
HCP-F Health Care Ppty
HCS HSBC HOLDING PLC
HD Home Depot, Inc.
HDB Hdfc Bank .
HE Hawaiian Electric Industries,
HE-U Heco Cap Tr
HEI Heico Corporation .
HEI.A Heico Corporation .
HEK HECKMANN CORPORATION .
HEK.U HECKMANN CORP UTS
HEK.W HECKMANN CORP WTS
HEP Holly Energy Partners,
HES Hess Corporation .
HEW Hewitt Associates Inc
HF Hff, Inc. .
HFC-B Hsbc Finance Corp
HGG HHGREGG INC .
HGR Hanger Orthopedic Group,
HGT Hugoton Royalty Trust
HHS Harte-hanks, Inc. .
HHY HELIOS HIGH YIELD
HI HILLENBRAND INC .
HIF Western Asset High
HIG Hartford Financial Services
HIH Highland Hospitality Corporation
HIL HILL INTERNATIONAL INC
HIO Western Asset High
HIS CIGNA High Income
HIT Hitachi, Ltd. .
HIW Highwoods Properties, Inc.
HIW-B Highwoods Pptys Inc
HIX Western Asset High
HJA Ms Structured Asset
HJE Ms Structured Asset
HJG Ms Structured Asset
HJJ Ms Structured Asset
HJL Ms Structured Asset
HJN Ms Structured Asset
HJO Ms Structured Asset
HJR Ms Structured Asset
HJT Ms Structured Asset
HJV MS STRUCTURED ASSET
HK PETROHAWK ENERGY CORPORATION
HL Hecla Mining Company
HL-B Hecla Mng Co
HL-C HECLA MINING COMPANY
HLF Herbalife Ltd. .
HLS Healthsouth Corporation .
HLX Helix Energy Solutions
HMA Health Management Associates,
HMC Honda Motor Company,
HME Home Properties, Inc.
HMH HELLOS MULTI-SECTOR HIHG
HMN Horace Mann Educators
HMY Harmony Gold Mining
HNI Hon Industries Inc.
HNP Huaneng Power Intl
HNR Benton Oil and
HNT Health Net Inc.
HNZ Heinz H J
HOC Holly Corporation .
HOG Harley-davidson, Inc. .
HON Honeywell International Inc.
HOO Cascal N.V. .
HOS Hornbeck Offshore Services
HOT Starwood Hotels &amp;
HOV Hovnanian Enterprises Inc
HP Helmerich &amp; Payne,
HPF John Hancock Pfd
HPI John Hancock Preferred
HPQ Hewlett-packard Company .
HPS John Hancock Preferred
HPT Hospitality Properites Trust
HPT-B Hospitality Pptys Tr
HPT-C HOSPITALITY PROPERTIES TRUST
HPY Heartland Payment Systems,
HQH H&amp;q Healthcare Investors
HQL H&amp;q Life Sciences
HR Healthcare Realty Trust
HRB H&amp;r Block, Inc.
HRC HILL ROM HOLDINGS
HRG HARBINGER GROUP INC
HRL Hormel Foods Corporation
HRP Hrpt Properties Trust
HRP-B Hrpt Pptys Tr
HRP-C Hrpt Pptys Tr
HRP-D Hrpt Pptys Tr
HRPN HRPT PROPERTIES TRUST
HRS Harris Corporation .
HRZ Horizon Lines, Inc.
HS Healthspring, Inc. .
HSA HELIOS STRATEGIC INCOME
HSC Harsco Corporation .
HSF Hartford Income Fund
HSM Hyperion Strategic Mortgage
HSP Hospira Inc .
HST Host Marriott Financial
HST-E Host Hotels &amp;
HSY Hershey Foods Corporation
HT HERSHA HOSPITALITY .
HT-A HERSHA HOSP TR
HTB Household Finance Corp
HTD John Hancock Tax
HTE Harvest Energy Trust
HTH HILLTOP HOLDINGS INC
HTH-A HILLTOP HOLDINGS INC
HTN Household Finance Corp
HTR Hyperion Total Return
HTS HATTERAS FINANCIAL CORP
HTX Hutchison Telecommunications .
HTY JOHN HANCOCK TAX
HTZ Hertz Global Holdings,
HUB.A Hubbell Inc A
HUB.B Hubbell Inc A
HUM Humana Inc. .
HUN Huntsman Corporation .
HVT Haverty Furniture Companies,
HVT.A Haverty Furniture Companies,
HW Headwaters Incorporated .
HWD HARRY WINSTON DIAMOND
HXL Hexcel Corporation .
HXM Desarrolladora Homex .
HYA Lehman Abs Corporation
HYB New America High
HYC Hypercom Corporation .
HYF Managed High Yield
HYH Lehman Abs Corporation
HYK Lehman Abs Corporation
HYL Lehman Abs Corporation
HYM Lehman Abs Corporation
HYT Blackrock Corporate High
HYV Blackrock Corporate High
HYY Structured Products Corp
HZD Structured Products Corp.
HZK Structured Products Corp.
HZO Marinemax, Inc. .
IAE ING ASIA PACIFIC
IAG Iamgold Corporation .
IBA Industrias Bachoco, S.a.
IBI Interline Brands, Inc.
IBM International Business Machines
IBN Icici Bank .
ICA Empresas Ica Soc
ICB Ms Income Securities,
ICE Intercontinental Exchange, Inc.
ICO International Coal Group,
ICS Ms Insured California
ID L- Identity Solutions,
IDA Idacorp, Inc. .
IDC Interactive Data Corporation
IDG INDUSTRIAL DISTR GRP
IDT Idt Corporation .
IDT.C Idt Corp .
IEP ICAHN ENTERPRISES LP
IEP.P ICAHN ENTERPRISE PFD
IEX Idex Corporation .
IFF Internationa Flavors &amp;
IFN India Fund, Inc.
IGA Ing Global Advantage
IGD Ing Global Equity
IGI Imagistics International Inc
IGK ING GROEP NV
IGR ING CLARION GLBL
IGT International Game Technology
IHC Independence Holding Company
IHG Intercontinental Hotels Group
IHR Meristar Hotels &amp;
IHS Ihs Inc. .
IIC Ms California Insured
IID ING INTL HIGH
IIF Morgan Stanley India
IIM Ms Insured Municipal
IIT Perusahaan Satlt Cp
IJD Indiana Michigan Power
IKJ Bank of America
IKL Bank of America
IKM Bank of America
IKR Bank of America
IM Ingram Micro Inc.
IMA INVERNESS MED INNOVA
IMA-B INVERNESS MED PFD
IMC International Multifoods .
IMF Western Asset Inflation
IMN Imation Corporation .
IMS Ms Insured Municipal
IMT Ms Insured Municipal
IN Unova, Inc. .
INB Cohen &amp; Steers
IND Ing Group, N.v.
ING Ing Group, N.v.
INT World Fuel Services
INZ Ing Group, N.v.
IO Input/output, Inc. .
IOC INTEROIL CORP .
IP International Paper Company
IPG Interpublic Group Of
IPI INTREPID POTASH INC
IPL-B Interstate Pwr &amp;
IPL-C Interstate Pwr &amp;
IQC Ms California Municipal
IQI Ms Quality Municipal
IQM Ms Quality Municipal
IQN Ms New York
IQT Ms Quality Municipal
IR Ingersoll-rand Company .
IRC Inland Real Estate
IRE Governor And Company
IRF International Rectifier Corporation
IRL Irish Investment Fund,
IRM Iron Mountain Incorporated
IRR Ing Risk Managed
IRS Irsa Inversiones Y
ISF ING GROEP N.V
ISG Ing Group, N.v.
ISH International Shipholding Corporation
ISM Slm Corporation .
ISP Ing Group, N.v.
IT Gartner, Inc. .
ITC Itc Holdings Corp.
ITG Investment Technology Group,
ITP Intertape Polymer Group
ITT Itt Industries, Inc.
ITUB ITAU UNIBANCO ADS
ITW Illinois Tool Works
IVC Invacare Corporation .
IVN Ivanhoe Mines Ltd
IVR INVESCO MORTGAGE INC
IVZ INVESCO PLC .
IWA Iowa Telecommunications Services,
IX Orix Corp Ads
JAG JAGUAR MINING INC
JAH Jarden Corporation .
JAS Jo-ann Stores, Inc.
JBI Lehman Abs Cp
JBJ Lehman Abs Corporation
JBK Lehman Abs Corporation
JBL Jabil Circuit, Inc.
JBN JCP CP CB
JBO Lehman Abs Corporation
JBR Select Asset Inc.
JBT JOHN BEAN TECH
JCE NUVEEN CORE EQUITY
JCG J. Crew Group,
JCI Johnson Controls, Inc.
JCI-Z JOHNSON CTLS INC
JCP J.c. Penney Company,
JDD Nuveen Diversified Dividend
JEC Jacobs Engineering Group
JEF Jefferies Group, Inc.
JEQ Japan Equity Fund,
JFC Jf China Region
JFP Nuveen Tax-advantaged Floating
JFR Nuveen Floating Rate
JGG Nuveen Global Government
JGT NUVEEN MULTI CURRENCY
JGV Nuveen Global Value
JHI John Hancock Investors
JHP Nuveen Quality Preferred
JHS John Hancock Income
JHX James Hardie Industries
JLA Nuveen Equity Premium
JLL Jones Lang Lasalle
JLS - YAHOO! FINANCE
JMP JMP GROUP INC.
JNJ Johnson &amp; Johnson
JNPR JUNIPER NETWORKS INC
JNS Stilwell Financial Inc.
JNY Jones Apparel Group,
JOE St. Joe Company
JOF Japan Smaller Capitalization
JPC Nuveen Preferred And
JPG Nuveen Equity Premium
JPM J.p. Morgan Chase
JPM-B JPMORGAN CHASE CAPITAL
JPM-E JPMORGAN CHASE &amp;
JPM-F JPMORGAN CHASE &amp;
JPM-G JPMORGAN CHASE &amp;
JPM-I JPMORGAN CHASE &amp;
JPM-J Jp Morgan Chase
JPM-K J P Morgan
JPM-P Jpmorgan Chase Cap
JPM-S Jpmorgan Chase Cap
JPM-W JPMORGAN CHASE CAPITAL
JPM-X J P Morgan
JPM-Y Jpmorgan Chase Cap
JPM-Z JPMORGAN CHASE CAPITAL
JPM.W JPMORGAN CHASE .
JPS Nuveen Quality Preferred
JPZ Nuveen Equity Premium
JQC Nuveen Preferred And
JRN Journal Communications, Inc.
JRO Nuveen Floating Rate
JSM Slm Corporation .
JSN Nuveen Equity Premium
JTA Nuveen Tax-advantaged Total
JTD NUVEEN TAX-ADVANTAGED DIVIDEND
JTP Nuveen Quality Preferred
JTX Jackson Hewitt Tax
JW.A John Wiley &amp;
JW.B John Wiley &amp;
JWF Wells Fargo &amp;
JWN Nordstrom, Inc. .
JZC Lehman Abs Corporation
JZE Lehman Abs Corporation
JZH Lehman Abs Corporation
JZJ Lehman Abs Corporation
JZK Lehman Abs Corporation
JZL Lehman Abs Corporation
JZS Lehman Abs Corporation
JZT Lehman Abs Corp
JZV Lehman Abs Corporation
K Kellogg Company .
KAI Kadant Inc .
KAR Adesa Inc .
KB Kookmin Bank .
KBH Kb Home .
KBR Kbr, Inc. .
KBW Kbw Inc .
KCC Lehman Abs Corporation
KCI Kinetic Concepts, Inc.
KCP Kenneth Cole Productions,
KCT Lehman Abs Corporation
KCW Lehman Abs Corporation
KDE Kids Entertainment Inc.
KDN Kaydon Corporation .
KED Kayne Anderson Energy
KEF Korea Equity Fund,
KEG Key Energy Services,
KEI Keithley Instruments, Inc.
KEP Korea Electric Power
KEX Kirby Corporation .
KEY Keycorp . .
KEY-A Keycorp Cap V
KEY-B Keycorp Cap Vi
KEY-D Keycorp Capital Viii
KEY-E Keycorp Cap Ix
KEY-F KEYCORP CAPITAL X
KEY-G KEYCORP PFD .
KF Korea Fund, Inc.
KFN Kkr Financial Corp.
KFS Kingsway Financial Services,
KFT Kraft Foods Inc.
KFY Korn/ferry International .
KG King Pharmaceuticals, Inc.
KGC Kinross Gold Corporation
KGS QUICKSILVER GAS .
KHD KHD HUMBOLDT WEDAG
KHI Scudder High Income
KID KID BRANDS INC
KIM Kimco Realty Corporation
KIM-F Kimco Realty Corp
KIM-G KIMCO REALTY CORPORATION
KKD Krispy Kreme Doughnuts,
KMB Kimberly-clark Corporation .
KMM Scudder Multi-market Income
KMP Kinder Morgan Energy
KMR Kinder Morgan Management,
KMT Kennametal Inc. .
KMX CarMax Inc .
KND Kindred Healthcare, Inc.
KNL Knoll, Inc. .
KNM Konami Corporation .
KNO Lehman Abs Corporation
KNR Lehman Abs Corporation
KNX Knight Transportation, Inc.
KO Coca-Cola Company (The)
KOB Lehman Abs Corporation
KOF Coca Cola Femsa
KOP Koppers Holdings Inc.
KOS Lehman Abs Corporation
KR Kroger Company (the)
KRA KRATON PERFORMANCE POLYMERS
KRB-D Mbna Cap D
KRB-E Mbna Cap E
KRC Kilroy Realty Corporation
KRC-E Kilroy Rlty Corp
KRC-F Kilroy Rlty Corp
KRG Kite Realty Group
KRH Lehman Abs Corporation
KRJ Lehman Abs Corporation
KRO Kronos Worldwide Inc
KS KAPSTONE PAPER AND
KSA Lehman Abs Corporation
KSK Lehman Abs Corporation
KSM Scudder Strategic Municiple
KSP K-sea Transportation Partners
KSS Kohl's Corporation .
KST Scudder Strategic Income
KSU Kansas City Southern
KSU.P KAAS CITY SOUTHERN
KT Katy Industries, Inc.
KTC Korea Telecom Corporation
KTF Scudder Municiple Income
KTH Lehman Abs Corporation
KTN Lehman Abs Corporation
KTP Lehman Abs Corporation
KTV Lehman Abs Corporation
KTX Lehman Abs Corporation
KUB Kubota Corporation .
KV.A K-v Pharmaceutical Company
KV.B K-v Pharmaceutical Company
KVF Lehman Abs Corporation
KVJ Lehman Abs Corporation
KVN Lehman Abs Corporation
KVR Lehman Abs Corporation
KVT Lehman Abs Corporation
KVU Lehman Abs Corporation
KVW Lehman Abs Corporation
KWK Quicksilver Resources Inc.
KWR Quaker Chemical Corporation
KYE Kayne Anderson Energy
KYN Kayne Anderson Mlp
KYO Kyocera Corporation .
L Liberty Media Corporation
LAB Labranche &amp; Co.,
LAD Lithia Motors, Inc.
LAZ Lazard Ltd. .
LBF Scudder Global High
LCC Us Airways Group,
LCM Advent/Claymore Enhanced Growth
LDF Latin American Discovery
LDK LDK SOLAR CO.
LDL Lydall, Inc. .
LDR Landauer, Inc. .
LEA Lear Corporation .
LEE Lee Enterprises, Incorporated
LEG Leggett &amp; Platt,
LEN Lennar Corporation .
LEN.B Lennar Corp .
LEO Dreyfus Strategic Municipals
LF Leapfrog Enterprises Inc
LFC China Life Insurance
LFL Lan Chile S.a.
LFT LONGTOP FINANCIAL TECHNOLOGIES
LG Laclede Group, Inc.
LGF Lions Gate Entertainment
LGI Lazard Global Total
LH Laboratory Corporation Of
LHO Lasalle Hotel Properties
LHO-B Lasalle Hotel Pptys
LHO-D Lasalle Hotel Pptys
LHO-E Lasalle Hotel Pptys
LHO-G Lasalle Hotel Pptys
LII Lennox International, Inc.
LIZ Liz Claiborne, Inc.
LL LUMBER LIQUIDATORS INC
LLL L- Communications Holdings,
LLY Eli Lilly and
LM Legg Mason, Inc.
LMI LEGG MASON CORP
LMT Lockheed Martin Corporation
LNC Lincoln Natl Corp
LNC-F Lincoln Natl Cap
LNC-G Lincoln Natl Corp
LNN Lindsay Corporation .
LNT Alliant Energy Corporation
LNY Landry's Restaurants, Inc.
LO LORILLARD INC .
LOR Lazard World Dividend
LOW Lowe's Companies, Inc.
LPL Lg.philips . .
LPS LENDER PROCESSING SERVICES
LPX Louisiana-pacific Corporation .
LRN K INC .
LRT Ll&amp;e Royalty Trust
LRY Liberty Property Trust
LSE Caplease Funding Inc
LSE-A Caplease Funding Inc
LSI Lsi Logic Corporation
LTC Ltc Properties, Inc.
LTC-E Ltc Pptys Inc
LTC-F Ltc Pptys Inc
LTD Limited Brands, Inc.
LTM Life Time Fitness
LUB Luby's, Inc. .
LUK Leucadia National Corporation
LUV Southwest Airlines Company
LUX Luxottica Group, S.p.a.
LVB Steinway Musical Instruments,
LVS Las Vegas Sands
LXK Lexmark International, Inc.
LXP Lexington Realty Trust
LXP-B Lexington Realty Trust
LXP-C Lexington Realty Trust
LXP-D Lexington Rlty Tr
LXU LSB INDUSTRIES INC
LYG Lloyds Tsb Group
LYV CCE Spinco Inc.
LZ Lubrizol Corporation (the)
LZB La-z-boy Incorporated .
M MACY'S INC .
MA Mastercard Incorporated .
MAA Mid-america Apartment Communities,
MAA-H Mid-amer Apt Cmntys
MAC Macerich Company (the)
MAG Magnetek, Inc. .
MAN Manpower Inc .
MAR Marriot International .
MAS Masco Corporation .
MAV Pioneer Municipal High
MAY MAY DEPT STORES
MBI Mbia, Inc. .
MBT Mobile Telesystems .
MCA Blackrock MuniYield California
MCD Mcdonald's Corporation .
MCI Massmutual Corporate Investors
MCK Mckesson Corporation .
MCN Madison/claymore Covered Call
MCO Moody's Corporation .
MCR Mfs Charter Income
MCS Marcus Corporation (the)
MCY Mercury General Corporation
MD MEDNAX INC .
MDC M.d.c. Holdings, Inc.
MDP Meredith Corporation .
MDR Mcdermott International, Inc.
MDS Midas, Inc. .
MDT Medtronic, Inc. .
MDU Mdu Res Group
MDZ Mds, Inc. .
ME Mariner Energy, Inc.
MED Medifast Inc .
MEE Massey Energy Company
MEG Media General, Inc.
MEI METHODE ELECTRONICS INC
MEN Blackrock MuniEnhanced Fund
MER-D Merrill Lynch Pfd
MER-E Merrill Lynch Pfd
MER-F Merrill Lynch Pfd
MER-K Merrill Lynch Cap
MER-M MERRILL LYNCH CAPITAL
MER-P MERRILL LYNCH CAPITAL
MET Metlife, Inc. .
MET-A Metlife Inc .
MET-B Metlife Inc .
MF MF Global Ltd
MFA America First Mortgage
MFA-A America First Mortgage
MFB Maidenform Brands, Inc.
MFC Manulife Financial Corp
MFD Macquarie/first Trust Global
MFE Networks Associates, Inc.
MFG Mizuho Financial Group,
MFL Blackrock MuniHoldings Florida
MFM Mfs Municipal Income
MFT Blackrock MuniYield Florida
MFV Mfs Special Value
MFW M&amp;f Worldwide Corporation
MG MISTRAS GROUP INC
MGA Magna International, Inc.
MGB Morgan Stanley Global
MGF Mfs Government Markets
MGI Moneygram International, Inc.
MGM Mgm Mirage .
MGS Metrogas, S.a. .
MGU Macquarie Global Infrastructure
MHD Blackrock MuniHoldings Fund
MHF Western Asset Municipal
MHI Pioneer Municipal High
MHK Mohawk Industries, Inc.
MHN Blackrock MuniHoldings New
MHO M/i Homes, Inc.
MHO-A M/I HOMES DEPOSITORY
MHP Mcgraw-hill Companies, Inc.
MHS Medcohealth Solutions Inc
MHY Western Asset Managed
MI Marshall &amp; Ilsley
MIC Macquarie Infrastructure Company
MIG Meadowbrook Insurance Group,
MIL Millipore Corporation .
MIM Mi Developments Inc
MIN Mfs Intermediate Income
MIR Mirant Corp .
MIR.A MIRANT CO A
MIR.B MIRANT B WT
MIY Blackrock MuniYield Michigan
MJF Msdw Structured Asset
MJH Ms Structured Asset
MJI Blackrock MuniYield New
MJN MSDW Structured Asset
MJT Ms Dw Structured
MJV Ms Structured Asset
MJY Mdsw Structured Asset
MKC Mccormick &amp; Company,
MKC.V Mccormick &amp; Co
MKL Markel Corporation .
MKS Ms Structured Asset
MKV Markel Corporation .
MLG Metlife, Inc. .
MLI Mueller Industries, Inc.
MLM Martin Marietta Materials,
MLP MAUI LAND &amp;
MLR Miller Industries, Inc.
MMC Marsh &amp; Mclennan
MMM M Company .
MMP Magellan Midstream Partners
MMR Mcmoran Exploration Company
MMR-M MCMORAN EXPLORATION CO
MMS Maximus, Inc. .
MMT Mfs Multimarket Income
MMU Western Asset Managed
MNE Blackrock Muni New
MNI Mcclatchy Company (the)
MNP Western Asset Municipal
MO Altria Group .
MOD Modine Manufacturing Company
MOG.A Moog Inc .
MOG.B Moog Inc .
MOH Molina Healthcare Inc
MON Monsanto Company .
MOS Mosaic Company (the)
MOT Motorola, Inc. .
MOV Movado Group Inc.
MP-D Mississippi Power Co
MPA Blackrock MuniYield Pennsylvania
MPG Maguire Properties Inc
MPG-A Maguire Pptys Inc
MPJ Mississippi Power Company
MPR Met-pro Corporation .
MPS Modis Professional Services,
MPV Massmutual Participation Investors
MPW Medical Properties Trust,
MPX Marine Products Corporation
MQT Blackrock MuniYield Quality
MQY Blackrock MuniYield Quality
MR Mindray Medical International
MRF American Income Fund
MRH Montpelier Re Holdings
MRK Merck &amp; Company,
MRK-B - YAHOO! FINANCE
MRO Marathon Oil Corporation
MRT Morton's Restaurant Group,
MRX Medicis Pharmaceutical Corporation
MS Morgan Stanley .
MS-A Morgan Stanley .
MSA Mine Safety Appliances
MSB Mesabi Trust .
MSD Morgan Stanley Emerging
MSF Morgan Stanley Emerging
MSJ Morgan Stanley Cap
MSK Grupo Industrial Maseca,
MSM Msc Industrial Direct
MSO Martha Stewart Living
MSP Madison Strategic Sector
MSY Morgan Stanley High
MSZ Morgan Stanley Capital
MT Arcelor Mittal .
MTA Matav . .
MTB M&amp;t Bank Corporation
MTB-A M&amp; T CAPITAL
MTD Mettler-toledo International, Inc.
MTE Mahanagar Telephone Nigam
MTG Mgic Investment Corporation
MTH Meritage Corporation .
MTL Mechel Steel Group
MTN Vail Resorts, Inc.
MTP MLP &amp; STRATEGIC
MTR Mesa Royalty Trust
MTS Montgomery Street Income
MTT WESTERN ASSET .
MTU Mitsubishi Ufj Financial
MTW Manitowoc Company, Inc.
MTX Minerals Technologies Inc.
MTZ Mastec, Inc. .
MU Micron Technology, Inc.
MUA Blackrock MuniAssets Fund
MUC Blackrock MuniHoldings California
MUE Blackrock MuniHoldings Insured
MUH Blackrock MuniHoldings Fund
MUI Blackrock Muni Intermediate
MUJ Blackrock MuniHoldings New
MUR Murphy Oil Corporation
MUS Blackrock MuniHoldings Insured
MVC Mvc Capital .
MVL Marvel Enterprises, Inc.
MVO Mv Oil Trust
MVT Blackrock MuniVest Fund
MW Men's Wearhouse, Inc.
MWA Mueller Water Products
MWE MARKWEST ENERGY PTNR
MWG Morgan Stanley Cap
MWO Morgan Stanley Cap
MWR Morgan Stanley Cap
MWV Meadwestvaco Corporation .
MWW MOTER WORLDWIDE .
MXB MSCI INC .
MXE Mexico Equity And
MXE.P MEXICO EQTY AND
MXF Mexico Fund, Inc.
MXT Metris Companies Inc.
MYC Blackrock MuniYield California
MYD Blackrock MuniYield Fund
MYE Myers Industries, Inc.
MYF Blackrock MuniYield Florida
MYI Blackrock MuniYield Insured
MYJ Blackrock MuniYield New
MYM Blackrock MuniYield Michigan
MYN Blackrock MuniYield New
MZF Mbia Capital/claymore Total
N Inco Ltd. .
NAC Nuveen California Dividend
NAD Nuveen Dividend Advantage
NAI Nicholas-applegate International .
NAL Newalliance Bancshares, Inc.
NAN Nuveen New York
NAT Nordic American Tanker
NAV Navistar International Corporation
NAV-D NAVISTAR INTL CORP
NAZ Nuveen Arizona Premium
NBG Natl Bk Greece
NBG-A NATIONAL BANK OF
NBL Noble Energy Inc.
NBR Nabors Industries, Inc.
NC Nacco Industries, Inc.
NCA Nuveen California Municipal
NCC-A National City Cap
NCC-B NATIONAL CITY CAPITAL
NCC-C NATIONAL CITY CAPITAL
NCI Navigant Consulting, Inc.
NCL Nuveen Insured California
NCO Nuveen California Municipal
NCP Nuveen California Performance
NCR Ncr Corporation .
NCS Nci Building Systems,
NCT Newcastle Investment Corporation
NCT-B Newcastle Invt Corp
NCT-C Newcastle Invt Corp
NCT-D NEWCASTLE INVESTMENT CORP.
NCV Nicholas-applegate Convertible &amp;
NCZ Nicholas-applegate Convertible &amp;
NDN  Cents Only
NE Noble Corporation .
NED NOAH EDUCATION HOLDINGS
NEM Newmont Mining Corporation
NEU Newmarket Corporation .
NEV NUEVO ENERGY CO
NFG National Fuel Gas
NFJ Nfj Dividend, Interest
NFP National Financial Partners
NFX Newfield Exploration Company
NGB-C NUVEEN VA DVD
NGG National Grid Transco,
NGS NATURAL GAS SVCS
NGT Eastern American Natural
NGZ NICHOLAS APPLEGATE GLB
NHI National Health Investors,
NHP Nationwide Health Properties,
NHP-B Nationwide Health Pptys
NHS NEUBERGER BERMAN HIGH
NI Northern Indiana Public
NIE Nicholas-applegate Equity &amp;
NIF Nuveen Premier Insured
NIM Nuveen Select Maturities
NIO Nuveen Insured Municipal
NJ Nidec Corporation (nihon
NJR Newjersey Resources Corporation
NKE Nike, Inc. .
NL Nl Industries, Inc.
NLC Nalco Holding Company
NLS Nautilus Group, Inc.
NLY Annaly Capital Management
NLY-A Annaly Capital Management
NM NAVIOS MARITIME HOLDINGS
NMA Nuveen Municipal Advantage
NMD NUVEEN MUNICIPAL HIGH
NMI Nuveen Municipal Income
NMK-B Niagara Mohawk Pwr
NMK-C Niagara Mohawk Pwr
NMM NAVIOS MARITIME PARTNERS
NMO Nuveen Municipal Market
NMP Nuveen Michigan Premium
NMR Nomura Holdings Inc
NMT Nuveen Massachusetts Premium
NMY Nuveen Maryland Premium
NNA NAVIOS MARITIME ACQUISITION
NNA.U NAVIOS MARITIME ACQUISITION
NNA.W NAVIOS MARITIME ACQUISITION
NNB-C - YAHOO! FINANCE
NNC Nuveen North Carolina
NNF Nuveen Insured New
NNI Nelnet, Inc. .
NNJ Nuveen New Jersey
NNN Commercial Net Lease
NNN-C National Retail Properties
NNP Nuveen New York
NNY Nuveen New York
NOA North American Energy
NOC Northrop Grumman Corporation
NOK Nokia Corporation .
NOV National-oilwell, Inc. .
NP Neenah Paper, Inc.
NPC Nuveen Insured California
NPD China Nepstar Chain
NPF Nuveen Premier Municipal
NPI Nuveen Premium Income
NPK National Presto Industries,
NPM Nuveen Premium Income
NPO Enpro Industries .
NPP Nuveen Performance Plus
NPT Nuveen Premium Income
NPV Nuveen Virginia Premium
NPX Nuveen Insured Premium
NPY Nuveen Pennsylvania Premium
NQC Nuveen California Investment
NQI Nuveen Insured Quality
NQJ Nuveen New Jersey
NQM Nuveen Investment Quality
NQN Nuveen New York
NQP Nuveen Pennsylvania Investment
NQS Nuveen Select Quality
NQU Nuveen Quality Income
NR Newpark Resources, Inc.
NRC National Rural Utilities
NRF Northstar Realty Finance
NRF-A Northstar Rlty Fin
NRF-B Northstar Rlty Fin
NRG Nrg Energy, Inc.
NRN National Rural Utilities
NRP Natural Resource Partners
NRT North European Oil
NRU National Rural Utilities
NS NUSTAR ENERGY L
NSC Norfolk Souther Corporation
NSH Nashua Corporation .
NSL Nuveen Senior Income
NSM National Semiconductor Corporation
NSR Neustar, Inc. .
NST Nstar . .
NTC Nuveen Connecticut Premium
NTE Nam Tai Electronics,
NTG Natco Group Inc.
NTL Nortel Inversora Sa,
NTT Nippon Telegraph And
NTX Nuveen Texas Quality
NTY Nbty, Inc. .
NTZ Natuzzi, S.p.a. .
NU Northeast Utilities .
NUC Nuveen California Quality
NUE Nucor Corporation .
NUM Nuveen Michigan Quality
NUN Nuveen New York
NUO Nuveen Ohio Quality
NUS Nu Skin Enterprises,
NUV Nuveen Municipal Value
NUW NU . .
NVC Nuveen California Select
NVE NV ENERGY INC
NVG-C - YAHOO! FINANCE
NVN Nuveen New York
NVO Novo Nordisk A/s
NVR N V R
NVS Novartis Ag .
NW-C National Westminster Bk
NWE NORTHWESTERN CORPORATION .
NWL Newell Rubbermaid Inc.
NWN Northwest Natural Gas
NWY New York &amp;
NX Quanex Corporation .
NXC Nuveen Insured California
NXN Nuveen Insured New
NXP Nuveen Select Tax
NXQ Nuveen Select Tax
NXR Nuveen Select Tax
NXY Nexen, Inc. .
NXY-B Nexen Inc .
NYB New York Community
NYB-U New York Cmnty
NYM Nymagic, Inc. .
NYT New York Times
NYX Nyse Group, Inc.
NZ NETEZZA CORPORATION .
NZT Telecom Corporation .
O Realty Income Corporation
O-D Realty Income Corp
O-E Ope . .
OB Onebeacon Insurance Group,
OC Owens Corning Inc
OC.B OWE CORNING [B
OCN Ocwen Financial Corporation
OCR Omnicare, Inc. .
OCR-A Omnicare Cap Tr
OCR-B Omnicare Cap Tr
ODC Oil-dri Corporation Of
ODP Office Depot, Inc.
OEH Orient-express Hotels, Ltd.
OFC Corporate Office Properties
OFC-G Corporate Office Properties
OFC-H Corporate Office Properties
OFC-J Corporate Office Properties
OFG Oriental Financial Group,
OFG-A Oriental Finl Group
OFG-B Oriental Finl Group
OGE Oge Energy Corporation
OHI Omega Healthcare Investors,
OHI-D Omega Healthcare Invs
OI Owens-illinois, Inc. .
OIA Ms Municipal Income
OIB Ms Municipal Income
OIC Ms Municipal Income
OII Oceaneering International, Inc.
OIS Oil States International,
OKE Oneok, Inc. .
OKS Northern Border Partners,
OLA Old Mutual/claymore Long-short
OLN Olin Corporation .
OLP One Liberty Properties,
OMC Omnicom Group Inc.
OME Omega Protein Corporation
OMG Om Group, Inc.
OMI Owens &amp; Minor,
OMN Omnova Solutions Inc.
OMX Boise Cascade Corporation
ONB Old National Bancorp
ONB-B Onb Cap Tr
ONE-W Bank One Corporation
OPY Oppenheimer Holdings, Inc.
ORA Ormat Technologies, Inc.
ORB Orbital Sciences Corporation
ORH Odyssey Re Holdings
ORH-A Odyssey Re Hldgs
ORH-B Odyssey Re Hldgs
ORI Old Republic International
ORN ORION MARINE GROUP
OSG Overseas Shipholding Group,
OSK Oshkosh Truck Corporation
OSM Slm Corporation .
OSP OSG AMERICA LP
OTE Hellenic Telecommunication Organization,
OWW ORBITZ WORLDWIDE INC
OXM Oxford Industries, Inc.
OXY Occidental Petroleum Corporation
OZM OCH ZIFF CAPITAL
PAA Plains All American
PAC Grupo Aeroportuario Del
PAG PENSKE AUTOMOTIVE GROUP
PAI Pacific American Income,
PAM PAMPA ENERGIA SA
PAR PAR INC .
PAS Whitman Corporation .
PAY Veriphone Holdings, Inc.
PBG Pepsi Bottling Group,
PBH Prestige Brand Holdings,
PBI Pitney Bowes Inc
PBI.P PITNEY BOWES .
PBR Petroleo Brasileiro S.a.-
PBR.A Petroleo Brasileir .
PBT Permian Basin Royalty
PBY Pep Boys-manny, Moe
PC PANASONIC CORPORATION .
PCF Putnam High Income
PCG Pacific Gas &amp;
PCH Potlatch Corporation .
PCK Pimco California Municipal
PCL Plum Creek Timber
PCM Pimco Commercial Mortgage
PCN Pimco Corporate Income
PCP Precision Castparts Corporation
PCQ Pimco California Municipal
PCS Sprint Pcs Group
PCU Southern Peru Copper
PCX PATRIOT COAL CORPORATION
PDA Perdigao S.a. .
PDE Pride International, Inc.
PDS Precision Drilling Corporation
PDT John Hancock Patriot
PE-A Peco Energy Co
PE-B Peco Energy Co
PE-C Peco Energy Co
PE-D Peco Energy Co
PEB PEBBLEBROOK HOTEL TRUST
PEG Public Service Enterprise
PEG-A Public Svc Elec
PEG-B Public Svc Elec
PEG-C Public Svc Elec
PEG-D Public Svc Elec
PEG-E Public Svc Elec
PEI Pennsylvania Real Estate
PEO Petroleum Resources Corporation
PEP Pepsico, Inc. .
PER Perot Systems Corporation
PFD Flaherty &amp; Crumrine
PFE Pfizer, Inc. .
PFG Principal Financial Group
PFG-B Principal Financial Group
PFH Cabco Tr Jcp
PFK Prudential Financial Inflation-linked
PFL Pimco Floating Rate
PFN Pimco Floating Rate
PFO Flaherty &amp; Crumrine
PFS Provident Financial Services
PFX Phoenix Companies, Inc.
PG Procter &amp; Gamble
PGE-B Prime Group Realty
PGH Pengrowth Energy Trust
PGI Ptek Holdings, Inc.
PGN Progress Energy Inc
PGP Pimco Global Stocksplus
PGR Progressive Corporation (the)
PH Parker-hannifin Corporation .
PHA Pulte Homes, Inc.
PHD Pioneer Floating Rate
PHG Koninklijke Philips Electronics,
PHH Phh Corp .
PHI Philippine Long Distance
PHK Pimco High Income
PHM Pulte Homes, Inc.
PHR PRUDENTIAL FINANCIAL INC
PHT Pioneer High Income
PHX PANHANDLE OIL &amp;
PIA Ms Municipal Premium
PIF Insured Municipal Income
PII Polaris Industries Inc.
PIJ Merrill Lynch Depositor,
PIKE Pike Electric Corp
PIM Putnam Master Intermediate
PIR Pier  Imports,
PIS Merrill Lynch Depositor,
PIY Merrill Lynch Depositor,
PJA Preferred Plus Trust
PJC Piper Jaffray Companies
PJE Merrill Lynch Preferredplus
PJI Pplus Trust .
PJJ Merrill Lynch Depositor
PJL Preferredplus Tr .
PJR Merrill Lynch Depositor,
PJS Preferredplus Trust .
PJT Preferred Plus Trust
PJZ Pplus Trust .
PKD Parker Drilling Company
PKE Park Electrochemical Corporation
PKG Packaging Corporation Of
PKH Merrill Lynch Depositor
PKI Perkinelmer, Inc. .
PKJ Merrill Lynch Depositor,
PKK Merrill Lynch Depositor,
PKM Merrill Lynch Depositor,
PKO Preferred Plus Tr
PKX Pohang Iron &amp;
PKY Parkway Properties, Inc.
PKY-D Parkway Pptys Inc
PL Protective Life Corporation
PL-A Plc Cap Tr
PL-B Plc Cap Tr
PL-D Protective Life Corp
PL-S Plc Capital Trust
PLA Playboy Enterprises, Inc.
PLA.A Playboy Enterprises, Inc.
PLD Prologis . .
PLD-F Prologis . .
PLD-G Prologis . .
PLL Pall Corporation .
PLP Phosphate Resource Plp
PLS Ppl Energy Supply
PLT Plantronics, Inc. .
PLV PPL CAPITAL FDG
PM PHILIP MORRIS INTERNATIONAL
PMB.P BB&amp;T Corporation .
PMC PHARMERICA CORPORATION .
PMF Pimco Municipal Income
PMI Pmi Group, Inc.
PML Pimco Municipal Income
PMM Putnam Managed Municipal
PMO Putnam Municipal Opportunities
PMT Putnam Master Income
PMX Pimco Municipal Income
PNC Pnc Bank Corp.
PNC-C Pnc Finl Svcs
PNC-D Pnc Finl Svcs
PNC-L PNC FINL PR
PNF Pimco New York
PNH PNC CAPITAL TRUST
PNI Pimco New York
PNK Pinnacle Entertainment, Inc.
PNM Pnm Resources, Inc.
PNR Pentair, Inc. .
PNU Pnc Bank Corp.
PNW Pinnacle West Capital
PNX Phoenix Companies, Inc.
PNY Piedmont Natural Gas
POH Public Service Company
POL Polyone Corporation .
POM Potomac Electric Power
POR Portland General Electric
POT Potash Corporation Of
PPC Pilgrim's Pride Corporation
PPD Pre-paid Legal Services,
PPG Ppg Industries, Inc.
PPL Ppl Corporation .
PPL-A Ppl Elec Utils
PPL-B Ppl Elec Utils
PPM Investment Grade Municipal
PPO POLYPORE INTERNATIONAL INC.
PPR Ing Prime Rate
PPS Post Properties, Inc.
PPS-A Post Pptys Inc
PPS-B Post Pptys Inc
PPT Putnam Premier Income
PQ Petroquest Energy Inc
PRA Pro-assurance Corporation .
PRD Primus Guaranty, Ltd.
PRE Partnerre Ltd. .
PRE-C Partnerre Ltd .
PRE-D Partnerre Ltd .
PRM Primedia, Inc. .
PRO PROS HOLDINGS INC
PRS Primus Guaranty, Ltd.
PRU Prudential Financial Inc
PRX Pharmaceutical Resources, Inc.
PSA Public Storage, Inc.
PSA-A Public Storage Inc
PSA-B Public Storage Inc
PSA-C Public Storage Inc
PSA-D Public Storage Inc
PSA-E Public Storage Inc
PSA-F Public Storage Inc
PSA-G Public Storage Inc
PSA-H Public Storage Inc
PSA-I Public Storage Inc
PSA-K Public Storage Inc
PSA-L Public Storage Inc
PSA-M Public Storage Inc
PSA-N PUBLIC STORAGE% SERIES
PSA-V Public Storage Inc
PSA-W Public Storage Inc
PSA-X Public Storage Inc
PSA-Z Public Storage Inc
PSA.A Public Storage Inc
PSB PS BUSINESS PARKS
PSB-H PS BUS PKS
PSB-I PS BUS PKS
PSB-K PS BUS PARK
PSB-L PS BUSINESS PKS
PSB-M PS BUSINESS PFD
PSB-O PS BUSINESS PKS
PSB-P PS BUSINESS PARKS
PSE PIONEER SOUTHWEST ENERGY
PSO Pearson, Plc .
PSS Collective Brands Inc.
PSW Blackrock Preferred and
PSY Blackrock Preferred Income
PT Portugal Telecom Sgps,
PTC Par Technology Corporation
PTI Patni Computer Systems
PTP Platinum Underwriters Holdings
PTR Petrochina Company .
PTV Pactiv Corporation .
PTY Pimco Corporate Opportunity
PUK Prudential Public Company
PUK-A Prudential Plc .
PUK.P Prudential Public Company
PVA Penn Virginia Corporation
PVD Administradora de Fondos
PVG Penn Virginia Gp
PVH Phillips-van Heusen Corporation
PVR Penn Virginia Resource
PVX Provident Energy Trust
PWE Penn West Energy
PWR Quanta Services, Inc.
PX Praxair, Inc. .
PXD Pioneer Natural Resources
PXP Plains Exploration &amp;
PYA Pplus Trust .
PYB Pplus Trust .
PYC Pplus Trust .
PYE Pplus Trust .
PYG Pplus Trust .
PYI Pplus Trust .
PYJ Pplus Trust .
PYK Pplus Trust .
PYL Pplus Trust .
PYN Pimco New York
PYO Pplus Trust .
PYS Pplus Trust .
PYT Pplus Trust .
PYV Pplus Trust .
PYY Merrill Lynch Depositor,
PZB Merrill Lynch Depositor,
PZC Pimco California Municipal
PZE Petrobras Energia Participaciones
PZN PZENA INV MGMT
Q Qwest Communications International
QTM Quantum Corporation .
QXM QIAO XING MOBILE
R Ryder System, Inc.
RA Reckson Assocs Rlty
RAD Rite Aid Corporation
RAH Ralcorp Holdings, Inc.
RAI Reynolds American Inc
RAS Rait Financial Trust
RAS-A Rait Financial Trust
RAS-B Rait Financial Trust
RAS-C RAIT FINANCIAL TRUST
RAX RACKSPACE HOSTING INC
RBA Ritchie Bros. Auctioneers
RBC Regal-beloit Corporation .
RBN Robbins &amp; Myers,
RBS THE ROYAL BANK
RBS-E Royal Bk Scotland
RBS-F Royal Bk Scotland
RBS-G Royal Bk Scotland
RBS-H Royal Bk Scotland
RBS-I ROYAL BK SCOTLAND
RBS-L Royal Bk Scotland
RBS-M Royal Bk Scotland
RBS-N Royal Bk Scotland
RBS-P Royal Bk Scotland
RBS-Q Royal Bk Scotland
RBS-R Royal Bk Scotland
RBS-S THE ROYAL BANK
RBS-T THR ROYAL BANK
RBV CBS Corporation .
RC Grupo Radio Centro,
RCC Small Cap Premium
RCI Renal Care Group,
RCL Royal Caribbean Cruises
RCS Rcm Strategic Global
RDC Rowan Companies, Inc.
RDK Ruddick Corporation .
RDN Radian Group Inc.
RDS.A Royal Dutch Shell
RDS.B Royal Dutch Shell
RDY Dr. Reddy's Laboratories
RE Everest Re Group,
RE-B Everest Re Cap
REG Regency Centers Corporation
REG-C Regency Ctrs Corp
REG-D Regency Ctrs Corp
REG-E Regency Ctrs Corp
REN RESOLUTE ENERGY CORPORATON
REN.W RESOLUTE ENERGY CORPORATION
REP Repsol Ypf S.a.
REP-A Repsol Intl Cap
RES Rpc, Inc. .
REV Revlon, Inc. .
RF Regions Financing Tr
RF-Z REGIONS FINANCING TRUST
RFI Cohen &amp; Steers
RFO-A Royce Focus Tr
RGA Reinsurance Group Of
RGA-A Reinsurance Group Amer
RGC Regal Entertainment Group
RGR Sturm, Ruger &amp;
RGS Regis Corporation .
RHB Rehabcare Group, Inc.
RHI Robert Half International
RHT Right Mgmt Consultant
RIG Transocean Inc. .
RIT Lmp Real Estate
RJF Raymond James Financial,
RKT Rock-tenn Company .
RL Polo Ralph Lauren
RLF Cohen &amp; Steers
RLH Westcoast Hospitality Corporation
RLH-A Red Lion Hotels
RLI Rli Corporation .
RMD Resmed Inc. .
RMG RISKMETRICS GROUP INC
RMT Royce Micro-cap Trust,
RMT-A Royce Micro-cap Tr
RNE Morgan Stanley Eastern
RNP Cohen &amp; Steers
RNR Renaissancere Holdings Ltd.
RNR-B Renaissancere Holdings Ltd
RNR-C Renaissancere Holdings Ltd
RNR-D Renaissancere Holdings Ltd
ROC Rockwood Holdings, Inc.
ROG Rogers Corporation .
ROK Rockwell Automation Inc
ROL Rollins, Inc. .
ROP Roper Industries, Inc.
ROS Rostelecom . .
RPF Cohen &amp; Steers
RPM Rpm, Inc. .
RPT Ramco-gershenson Properties Trust
RQI Cohen &amp; Steers
RRC Range Resources Corporation
RRI Reliant Resources, Inc.
RRR ROTO ROOTER INC
RS Reliance Steel &amp;
RSC Rex Stores Corporation
RSG Republic Services, Inc.
RSH Radioshack Corporation .
RSO Resource Capital Corp.
RST Boca Resorts Inc
RT Ruby Tuesday Inc
RTI Rti International Metals,
RTN Raytheon Company .
RTN.W RAYTHEON CO. WARRANTS
RTP Rio Tinto Plc
RTU Cohen &amp; Steers
RUK Reed Elsevier Plc
RVI Retail Ventures, Inc.
RVT Royce Value Trust,
RVT-B Royce Value Tr
RWF Cohen &amp; Steers
RWT Redwood Trust, Inc.
RX Ims Health Incorporated
RY Royal Bank Of
RYL Ryland Group, Inc.
RYN Rayonier Inc. Reit
RZ RASER TECH INC
S Sprint Nextel Corporation
SAB Grupo Casa Saba,
SAH Sonic Automotive, Inc.
SAI Saic Inc .
SAM Boston Beer Company
SAN Banco Santiago S.A.
SAP Sap Aktiengesellschaft Systeme,
SAY Satyam Computer Services
SB SAFE BULKERS INC
SBH Sally Beauty Holdings,
SBP Santander Bancorp .
SBR Sabine Royalty Trust
SBS Companhia de saneamento
SBW Western Asset Worldwide
SBX SEABRIGHT IURANCE .
SCD Lmp Capital And
SCG Scana Corporation .
SCG.P SOUTH CAROLINA ELE
SCI Service Corporation International
SCL Stepan Company .
SCL.P SPEPAN . CVPR
SCR SIMCERE PHARMACEUTICAL GROUP
SCS Steelcase Inc. .
SCU SCANA CORPORATION .
SCX L.s. Starrett Company
SD SANDRIDGE ENERGY INC
SE Spectra Energy Corp
SEE Sealed Air Corporation
SEH Spartech Corporation .
SEM Select Medical Corporation
SEP SPECTRA ENERGY PARTERS
SF Stifel Financial Corporation
SFD Smithfield Foods, Inc.
SFE Safeguard Scientifics, Inc.
SFG Stancorp Financial Group,
SFI Istar Financial Inc.
SFI-D Istar Finl Inc
SFI-E Istar Finl Inc
SFI-F Istar Finl Inc
SFI-G Istar Finl Inc
SFI-I Istar Finl Inc
SFL Ship Finance International
SFN Spherion Corporation .
SFY Swift Energy Company
SGF Singapore Fund, Inc.
SGK Schawk, Inc. .
SGL Strategic Global Income
SGP Schering-plough Corp .
SGP-B SCHERING-PLOUGH CORPORATION .
SGU Star Gas Partners,
SGY Stone Energy Corporation
SGZ Selective Insurance Group,
SHAW SHAW GROUP INC
SHG Shinhan Financial Group
SHI Sinopec Shangai Petrochemical
SHO Sunstone Hotel Investors,
SHO-A Sunstone Hotel Invs
SHS Sauer-danfoss Inc. .
SHW Sherwin-williams Company (the)
SI Siemens Ag .
SID Companhia Siderurgica Nacional
SIG Signet Group Plc
SII Smith International, Inc.
SJI South Jersey Industries,
SJM J.m. Smucker Company
SJR Shaw Communications Inc.
SJT San Juan Basin
SJW Sjw Corporation .
SKH SKILLED HEALTHCARE GROUP
SKM Sk Telecom Corporation,
SKS Saks Incorporated .
SKT Tanger Factory Outlet
SKT-C Tanger Factory Outlet
SKX Skechers U.s.a., Inc.
SKY Skyline Corporation .
SLA American Select Portfolio
SLB Schlumberger N.v. .
SLE Sara Lee Corporation
SLF Sun Life Financial
SLG Sl Green Realty
SLG-C Sl Green Rlty
SLG-D Sl Green Rlty
SLH Strategic Hotel Capital
SLM Slm Corporation .
SLM-A Slm Corp .
SLM-B Slm Corp .
SLS SELIGMAN LASALLE INTERNATIONAL
SLT STERLITE INDUSTRIES [INDIA]
SLW Silver Wheaton Corp
SM St. Mary Land
SMA Symmetry Medical Inc
SMG Scotts Company (the)
SMI Semiconductor Manufacturing .
SMP Standard Motor Products,
SMS SIMS GROUP LIMITED
SNA Snap-on Incorporated .
SNE Sony Corporation .
SNF Spain Fund (the)
SNH Senior Housing Properties
SNI SCRIPPS NETWORKS INTERACTIVE
SNN Smith &amp; Nephew
SNP China Petroleum &amp;
SNS Steak N Shake
SNV Synovus Financial Corporation
SNX Synnex Corporation .
SNY Sanofi-aventis Sa .
SO Southern Company (the)
SOA Southern Africa Fund
SOL Sola International Inc.
SON Sonoco Products Company
SOR Source Capital, Inc.
SOR.P SOURCE CAPITAL INC
SOV-B Sovereign Cap Tr
SOV-C Sovereign Bancorp Inc
SPA Sparton Corporation .
SPF Standard Pacific Lp
SPG Simon Property Group,
SPG-I Simon Ppty Group
SPG-J Simon Ppty Group
SPH Suburban Propane Partners,
SPN Superior Energy Services,
SPP Sappi . .
SPR Spirit Aerosystems Holdings,
SPW Spx Corporation .
SQM Sociedad Quimica Y
SR Standard Register Company
SRE Sempra Energy .
SRI Stoneridge, Inc. .
SRT Startek, Inc. .
SRV Sierra Pacific Resources
SRX Sra International, Inc
SRZ Sunrise Senior Living,
SSD Simpson Manufacturing Company,
SSI Stage Stores, Inc.
SSL Sasol Ltd. .
SSP E.W. Scripps Company
SSS Sovran Self Storage,
SSW Seaspan Corporation .
STC Stewart Information Services
STD Banco Santander S.A.
STD-A Banco Santander S.A.
STD-B Banco Santander S.A.
STD-C Banco Santander S.A.
STD-E SANTANDER FIN PFD
STD-I Banco Santander S.A.
STE Steris Corporation .
STI Suntrust Banks, Inc.
STI-A Suntrust Bks Inc
STI-Z SUNTRUST CAPITAL IX
STJ St. Jude Medical,
STK Storage Technology Corporation
STL Sterling Bancorp .
STL-A Sterling Bancorp Tr
STM Stmicroelectronics N.v. .
STN Station Casinos, Inc.
STO Statoil Asa .
STP Suntech Power Holdings
STR Questar Corporation .
STRI - YAHOO! FINANCE
STT State Street Corp
STU Student Loan Corporation
STV China Digital TV
STWD STARWOOD PROPERTY TR
STZ Constellation Brands Inc.
STZ.B Constellation Brands Inc.
SU Suncor Energy Inc.
SUG Southern Union Company
SUG-C Southern Un Co
SUI Sun Communities, Inc.
SUN Sunoco, Inc. .
SUP Superior Industries International,
SUR CNA Surety Corporation
SUS-A SUSQUEHANNA CAPITAL I
SVJ Savannah Electric And
SVM Servicemaster Company (the)
SVN Hollinger International, Inc.
SVR Syniverse Holdings, Inc.
SVU Supervalu Inc. .
SWC Stillwater Mining Company
SWI SOLARWINDS INC .
SWK Stanley Works (the)
SWM Schweitzer-mauduit International, Inc.
SWN Southwestern Energy Company
SWS Sws Group, Inc.
SWX Southwest Gas Corporation
SWX-B Southwest Gas Cap
SWY Safeway Inc. .
SWZ Swiss Helvetia Fund,
SXE Stanley, Inc. .
SXI Standex International Corporation
SXL Sunoco Logistics Partners
SXT Sensient Technologies Corporation
SY Sybase, Inc. .
SYK Stryker Corporation .
SYT Syngenta Ag .
SYX Systemax Inc. .
SYY Sysco Corporation .
T AT&amp;T Inc. .
TAC Transalta Corporation .
TAI Transamerica Income, Inc.
TAL Tal International Group,
TAM Tam S.a. .
TAP Molson Coors Brewing
TAP.A Molson Coors Brewing
TAR Telefonica De Argentina
TBH Telecom Brasil Sa
TBI TOM BROWN INC
TBL Timberland Company (the)
TC THOMPSON CREEK METALS
TCB Tcf Financial Corporation
TCB-A TCF CAPITAL I
TCB.W TCF FINANCIAL CORP
TCI Transcontinental Realty Investors,
TCK Teck Cominco Ltd
TCL TATA COMMUNICATIONS LIMITED
TCM TONGITANG CHINESE MEDICINES
TCO Taubman Centers, Inc.
TCO-G Taubman Ctrs Inc
TCO-H Taubman Ctrs Inc
TD Toronto Dominion Bank
TDA Telephone And Data
TDC TERADATA CORPORATION .
TDF Templeton Dragon Fund,
TDG Transdigm Group Incorporated
TDI Telephone And Data
TDS TELEPHONE + DATA
TDS.S TEL AND DATA
TDW Tidewater Inc. .
TDY Teledyne Technologies Incorporated
TE Teco Energy, Inc.
TEF Telefonica Sa .
TEG Wps Resources Corporation
TEI Templeton Emerging Markets
TEL TYCO ELECTRONICS LTD.
TEN Tenneco Automotive, Inc.
TEO Telecom Argentina Stet
TER Teradyne, Inc. .
TEX Terex Corporation .
TFC Taiwan Greater China
TFX Teleflex Incorporated .
TG Tredegar Corporation .
TGH TEXTAINER GROUP HOLDINGS
TGI Triumph Group, Inc.
TGP Teekay Lng Partners,
TGS Transportadora De Gas
TGT Target Corporation .
TGX Theragenics Corporation .
THC Tenet Healthcare Corporation
THG Allmerica Financial Corporation
THI Tim Hortons Inc.
THO Thor Industries, Inc.
THS Treehouse Foods, Inc.
TI Telecom Italia S.p.a.
TI.A Telecom Italia S
TIE Titanium Metals Corporation
TIF Tiffany &amp; Co.
TII Thomas Industries, Inc.
TII.A TELMEX INTERNACIONAL SAB
TIN Temple-inland Inc. .
TJX Tjx Companies, Inc.
TK Teekay Shipping Corporation
TKC Turkcell Iletisim Hizmetleri
TKF Turkish Investment Fund,
TKR Timken Company (the)
TKS Tomkins Plc .
TLB Talbots, Inc. (the)
TLI Lmp Corporate Loan
TLK P.t. Telekomunikasi Indonesia,
TLM Talisman Energy Inc.
TLP Transmontaigne Partners L.p.
TM Toyota Motor Corporation
TMH TEAM HEALTH HOLDINGS
TMK Torchmark Corporation .
TMK-A Torchmark Cap Tr
TMM Grupo Tmm, S.a.
TMO Thermo Fisher Scientific
TMR Meridian Resource Corporation
TMS Thomson Multimedia S.a.
TMX Telefonos De Mexico
TNB Thomas &amp; Betts
TNC Tennant Company .
TNE Tele Norte Leste
TNH Terra Nitrogen Company,
TNK TEEKAY TANKERS LTD
TNL Technitrol, Inc. .
TNP Tsakos Energy Navigation
TNS Tns, Inc. .
TOD Todd Shipyards Corporation
TOL Toll Brothers Inc.
TOO Teekay Offshore Partners
TOT Totalfinaelf, S.a. .
TPC Triton PCS Holdings,
TPL Texas Pacific Land
TPP Teppco Partners, L.p.
TPX Tempur-pedic International Inc
TPZ TORTOISE PWR AND
TR Tootsie Roll Industries,
TRA Terra Industries Inc.
TRC Tejon Ranch Company
TREX TREX CO INC
TRF Templeton Russia Fund,
TRH Transatlantic Holdings, Inc.
TRI Triad Hospitals, Inc.
TRK Speedway Motorsports, Inc.
TRN Trinity Industries, Inc.
TRP Transcananda Pipelines, Ltd.
TRR Trc Companies, Inc.
TRU Torch Energy Royalty
TRV St. Paul Companies,
TRW Trw Automotive Holdings
TS Tenaris S.a. .
TSI Tcw Strategic Income
TSL Trina Solar .
TSM Taiwan Semiconductor Manufacturing
TSN Tyson Foods, Inc.
TSO Tesoro Petroleum Corporation
TSP Telecomunicacoes De Sao
TSS Total System Services,
TSU Tele Celular Sul
TTC Toro Company (the)
TTF Thai Fund, Inc.
TTI Tetra Technologies, Inc.
TTM Tata Motors Ltd
TTO Tortoise Capital Resources
TU Telus Corporation .
TUC Mac-gray Corporation .
TUP Tupperware Corporation .
TV Grupo Televisa S.a.
TVC Tennessee Valley Authority
TVE Tennessee Valley Authority
TVL Lin Tv Corp
TW st Century Insurance
TWB Tween Brands, Inc.
TWC TIME WARNER CABLE
TWI Titan International, Inc.
TWN Taiwan Fund, Inc.
TWP Trex Company, Inc.
TWX Time Warner Inc.
TWX.P TIME WARNER INC
TX Ternium S.a. .
TXI Texas Industries, Inc.
TXN Texas Instruments Incorporated
TXT Textron Inc. .
TXT-A Textron Inc .
TXT-B Textron Inc .
TY Tri Contl Corp
TY.P TRI CONTINENTAL CP
TYC Tyco International, Ltd.
TYG Tortoise Energy Infrastructure
TYG-A TORTOISE ENERGY INFRASTRUCTURE
TYL Tyler Technologies, Inc.
TYN Tortoise North American
TYW Ts&amp;w/claymore Tax-advantaged Balanced
TYY Tortoise Energy Capital
TYY-A TORTOISE ENERGY CAPITAL
TZF Bear Stearns Depositor
TZK Trust Ctfs 
UA Under Armour, Inc.
UAM UNIVERSAL AMERICAN .
UBA Urstadt Biddle Properties
UBP Urstadt Biddle Properties
UBP-C Urstadt Biddle Pptys
UBP-D Urstadt Biddle Pptys
UBS Ubs Ag .
UBS-D Ubs Pfd Fdg
UDR United Dominion Realty
UDR-G UDR INC .%
UFI Unifi, Inc. .
UFS Domtar Corporation .
UGI Ugi Corporation .
UGP Ultrapar Participacoes S.a.
UHS Universal Health Services,
UHT Universal Health Realty
UIL Uil Holdings Corporation
UIS Unisys Corporation .
UL Unilever Plc .
UMC United Microelectronics Corporation
UN Unilever Nv .
UNF Unifirst Corporation .
UNH Unitedhealth Group Incorporated
UNM Unumprovident Corporation .
UNP Union Pacific Corporation
UNS Unisource Energy Corporation
UNT Unit Corporation .
UPL ULTRA PETROLEUM CORP
UPS United Parcel Service,
URI United Rentals, Inc.
URS Urs Corporation .
USA Liberty All-star Equity
USB U.s. Bancorp .
USB-E Usb Cap Vi
USB-F Usb Cap Vii
USB-G Usb Cap Viii
USB-H Us Bancorp Del
USB-I Usb Cap X
USB-J Usb Cap Xi
USB-K Usb Cap Xii
USB-L U S BANCORP
USG Usg Corporation .
USM U S CELLULAR
USU Usec Inc. .
UTA UNIVERSAL TRAVEL GRP
UTF Cohen &amp; Steers
UTI Universal Technical Institute
UTL UNITIL CP .
UTR Unitrin, Inc. .
UTX United Technologies Corporation
UVV Universal Corporation .
UZG United States Cellular
UZV United States Cellular
V Visa, Inc .
VAL Valspar Corporation (the)
VAL.P THE VALSPAR CORP
VALE COMPANHIA VALE ADS
VAR Varian Medical Systems,
VBF Van Kampen Bond
VCI Valassis Communications, Inc.
VCO Vina Concha Y
VCP Votorantim Celulose E
VCV Van Kampen California
VE Vivendi Environnement Ord
VEL-E Virginia Elec &amp;
VFC V.f. Corporation .
VG Vonage Holdings Corp.
VGM Van Kampen Trust
VGR Vector Group Ltd.
VHI Valhi, Inc. .
VIA Viacom, Inc. .
VIA.B Viacom, Inc. .
VIM Van Kampen Trust
VIP Open Joint Stock
VIT Van Kampen High
VIV Vivo Participacoes S.a.
VKQ Van Kampen Municipal
VLO Valero Energy Corporation
VLT Van Kampen High
VLY Valley National Bancorp
VLY-A Vnb Cap Tr
VM VIRGIN MOBILE USA
VMC Vulcan Materials Company
VMI Valmont Industries, Inc.
VMO Van Kampen Municipal
VMW VMWARE INC. .
VNO Vornado Realty Trust
VNO-A Vornado Rlty Tr
VNO-E Vornado Rlty Tr
VNO-F Vornado Rlty Tr
VNO-G Vornado Rlty Tr
VNO-H Vornado Rlty Tr
VNO-I Vornado Rlty Tr
VNOD VORNADO REALTY LP
VNR VANGUARD NATURAL RES
VNV Viacom, Inc. .
VOD Vodafone Airtouch Public
VOL Volt Information Sciences,
VOQ Van Kampen Ohio
VPV Van Kampen Pennsylvania
VQ Venoco, Inc. .
VR VALIDUS HOLDINGS .
VRS VERSO PAPER CORP
VRX Valeant Pharmaceuticals International
VSH Vishay Intertechnology, Inc.
VSI VITAMIN SHOPPE INC-
VTA Vesta Insurance Group,
VTJ Van Kampen Trust
VTN Van Kampen Trust
VTR Ventas, Inc. .
VVC Vectren Corporation .
VVI Viad Corporation .
VVR Van Kampen Senior
VZ Verizon Communications Inc.
WAB Wabtec Corporation .
WAG Walgreen Company .
WAL Western Alliance Bancorporation
WAT Waters Corporation .
WB-B WACHOVIA CAPITAL TRUST
WB-C WACHOVIA CAPITAL TRUST
WB-D WACHOVIA CAPITAL TRUST
WBC WABCO HOLDINGS INC
WBD Wimm Bill Dann
WBK Westpac Banking Corporation
WBS Webster Financial Corporation
WCC Wesco International, Inc.
WCG Wellcare Group .
WCN Waste Connections Inc.
WCO WELLS FARGO CAPITAL
WDC Western Digital Corporation
WDR Waddell &amp; Reed
WEA Western Asset Bond
WEC Wisconsin Energy Corporation
WEN Wendy's International, Inc.
WES WestCorp . .
WF Woori Finance Holdings
WFC Wells Fargo &amp;
WFC-J WELLS FARGO PFD
WFC-L WELLS FARGO PFD
WFR Memc Electronic Materials,
WFT Weatherford International, Inc.
WG Willbros Group, Inc.
WGL Washington Gas Light
WGO Winnebago Industries, Inc.
WH WSP HOLDINGS LIMITED
WHG Westwood Holdings Group
WHI W Holding Company
WHR Whirlpool Corporation .
WHX WHX Corporation .
WIA Western Asset/claymore U.s.
WIN Windstream Corporation .
WIT Wipro . .
WIW Western Asset/claymore U.s
WL Wilmington Trust Corporation
WLK Westlake Chemical Corporation
WLL Whiting Petroleum Corporation
WLL-A WHITING PETROLEUM .
WLP Wellpoint Health Networks
WLT Walter Industries, Inc.
WM Washington Mutual, Inc.
WMB Williams Companies, Inc.
WMG Warner Music Group
WMK Weis Markets, Inc.
WMS Wms Industries Inc.
WMT Wal-mart Stores, Inc.
WMZ WILLIAMS PIPELINE PARTNERS
WNA.P WACHOVIA PRF FUNDING
WNC Wabash National Corporation
WNI Weider Nutrition International,
WNR Western Refining, Inc.
WNS Wns (holdings) .
WOR Worthington Industries, Inc.
WPC W.p. Carey &amp;
WPI Watson Pharmaceuticals, Inc.
WPK Wells Fargo &amp;
WPO Washington Post Company
WPP Wausau-mosinee Paper Corporation
WPZ Williams Partners L.p.
WR Westar Energy, Inc.
WRB W R BERKLEY
WRB-A W R BERKLEY
WRC WORLD COLOR PRESS
WRD WEINGARTEN RLTY .%
WRE Washington Real Estate
WRI Weingarten Realty Investors
WRI-D Weingarten Rlty Invs
WRI-E Weingarten Rlty Invs
WRI-F Weingarten Rlty Invs
WRS Windrose Med Pptys
WSF Wells Fargo &amp;
WSH Willis Group Holdings
WSM Williams-sonoma, Inc. .
WSO Watsco, Inc. .
WST West Pharmaceutical Services,
WTI W&amp;t Offshore, Inc.
WTM White Mountains Insurance
WTR Aqua America Inc.
WTS Watts Water Technologies,
WTU Williams Coal Seam
WTW Weight Watchers International
WU Western Union Company
WW Watson Wyatt &amp;
WWE World Wrestling Entertainment,
WWW Wolverine World Wide,
WX WUXI PHARMATECH [CAYMAN]
WXS Wright Express Corporation
WY Weyerhaeuser Company .
WYN Wyndham Worldwide Corp
X Usx Corporation .
XAA American Municipal Income
XCJ XCEL ENERGY INC
XCO Exco Resources, Inc.
XEC Cimarex Energy Co
XEL Xcel Energy Inc.
XEL-A Xcel Energy Inc
XEL-B Xcel Energy Inc
XEL-C Xcel Energy Inc
XEL-D Xcel Energy Inc
XEL-E Xcel Energy Inc
XEL-G Xcel Energy Inc
XFB Lehman Abs Corporation
XFD Lehman Abs Corporation
XFH Lehman Abs Corporation
XFJ Lehman Abs Corporation
XFL Lehman Abs Corporation
XFP Lehman Abs Corporation
XFR Lehman Abs Corporation
XIN XINYUAN REAL ESTATE
XJT Expressjet Holdings Inc
XKE Lehman Abs Corporation
XKK Lehman Abs Corporation
XKN Lehman Abs Corporation
XKO Lehman Abs Corporation
XL Xl Capital .
XL-Y XL CAPITAL LTD
XOM Exxon Mobil Corporation
XRM Xerium Technologies, Inc.
XRX Xerox Corporation .
XTO Xto Energy Inc.
XVF Lehman Abs Corp
XVG Lehman Abs Corporation
Y Alleghany Corporation .
YGE YINGLI GREEN ENERGY
YPF Ypf Sociedad Anonima
YSI U-store-it Trust .
YUM Yum! Brands, Inc.
YZC Yanzhou Coal Mining
ZAP Zapata Corporation .
ZB-A Zions Bancorporation .
ZB-B Zions Cap Tr
ZB-C ZIO BANCORPORATION .
ZEP ZEP INC .
ZF Zweig Fund, Inc.
ZLC Zale Corporation .
ZMH Zimmer Holdings, Inc.
ZNH China Southern Airlines
ZNT Zenith National Insurance
ZQK Quiksilver, Inc. .
ZTR Zweig Total Return
ZZ Sealy Corporation .
ZZC SEALY CORPORATION .</pre></div><div class="clear"></div><div class="footer">Powered by <a href="http://www.sinatrarb.com/">Sinatra</a>,
<a href="http://puma.io/">Puma</a> and, to a lesser extent,
<a href="http://errtheblog.com/">Err the Blog</a>.</div></body></html>